Disp,comp_str,R_max,EnvNoiseSigma,FalseAbsenceFrac,Repeat,RunID,RunName,S_global,Occ_thresh,comp_conn
1e-5,0.3,5,0.001,0,A,1,TrialObsQual,50,0.1,0.01
1e-4,0.3,5,0.001,0,A,2,TrialObsQual,50,0.1,0.01
0.001,0.3,5,0.001,0,A,3,TrialObsQual,50,0.1,0.01
1e-5,0.8,5,0.001,0,A,4,TrialObsQual,50,0.1,0.01
1e-4,0.8,5,0.001,0,A,5,TrialObsQual,50,0.1,0.01
0.001,0.8,5,0.001,0,A,6,TrialObsQual,50,0.1,0.01
1e-5,1.1,5,0.001,0,A,7,TrialObsQual,50,0.1,0.01
1e-4,1.1,5,0.001,0,A,8,TrialObsQual,50,0.1,0.01
0.001,1.1,5,0.001,0,A,9,TrialObsQual,50,0.1,0.01
1e-5,0.3,20,0.001,0,A,10,TrialObsQual,50,0.1,0.01
1e-4,0.3,20,0.001,0,A,11,TrialObsQual,50,0.1,0.01
0.001,0.3,20,0.001,0,A,12,TrialObsQual,50,0.1,0.01
1e-5,0.8,20,0.001,0,A,13,TrialObsQual,50,0.1,0.01
1e-4,0.8,20,0.001,0,A,14,TrialObsQual,50,0.1,0.01
0.001,0.8,20,0.001,0,A,15,TrialObsQual,50,0.1,0.01
1e-5,1.1,20,0.001,0,A,16,TrialObsQual,50,0.1,0.01
1e-4,1.1,20,0.001,0,A,17,TrialObsQual,50,0.1,0.01
0.001,1.1,20,0.001,0,A,18,TrialObsQual,50,0.1,0.01
1e-5,0.3,40,0.001,0,A,19,TrialObsQual,50,0.1,0.01
1e-4,0.3,40,0.001,0,A,20,TrialObsQual,50,0.1,0.01
0.001,0.3,40,0.001,0,A,21,TrialObsQual,50,0.1,0.01
1e-5,0.8,40,0.001,0,A,22,TrialObsQual,50,0.1,0.01
1e-4,0.8,40,0.001,0,A,23,TrialObsQual,50,0.1,0.01
0.001,0.8,40,0.001,0,A,24,TrialObsQual,50,0.1,0.01
1e-5,1.1,40,0.001,0,A,25,TrialObsQual,50,0.1,0.01
1e-4,1.1,40,0.001,0,A,26,TrialObsQual,50,0.1,0.01
0.001,1.1,40,0.001,0,A,27,TrialObsQual,50,0.1,0.01
1e-5,0.3,5,0.01,0,A,28,TrialObsQual,50,0.1,0.01
1e-4,0.3,5,0.01,0,A,29,TrialObsQual,50,0.1,0.01
0.001,0.3,5,0.01,0,A,30,TrialObsQual,50,0.1,0.01
1e-5,0.8,5,0.01,0,A,31,TrialObsQual,50,0.1,0.01
1e-4,0.8,5,0.01,0,A,32,TrialObsQual,50,0.1,0.01
0.001,0.8,5,0.01,0,A,33,TrialObsQual,50,0.1,0.01
1e-5,1.1,5,0.01,0,A,34,TrialObsQual,50,0.1,0.01
1e-4,1.1,5,0.01,0,A,35,TrialObsQual,50,0.1,0.01
0.001,1.1,5,0.01,0,A,36,TrialObsQual,50,0.1,0.01
1e-5,0.3,20,0.01,0,A,37,TrialObsQual,50,0.1,0.01
1e-4,0.3,20,0.01,0,A,38,TrialObsQual,50,0.1,0.01
0.001,0.3,20,0.01,0,A,39,TrialObsQual,50,0.1,0.01
1e-5,0.8,20,0.01,0,A,40,TrialObsQual,50,0.1,0.01
1e-4,0.8,20,0.01,0,A,41,TrialObsQual,50,0.1,0.01
0.001,0.8,20,0.01,0,A,42,TrialObsQual,50,0.1,0.01
1e-5,1.1,20,0.01,0,A,43,TrialObsQual,50,0.1,0.01
1e-4,1.1,20,0.01,0,A,44,TrialObsQual,50,0.1,0.01
0.001,1.1,20,0.01,0,A,45,TrialObsQual,50,0.1,0.01
1e-5,0.3,40,0.01,0,A,46,TrialObsQual,50,0.1,0.01
1e-4,0.3,40,0.01,0,A,47,TrialObsQual,50,0.1,0.01
0.001,0.3,40,0.01,0,A,48,TrialObsQual,50,0.1,0.01
1e-5,0.8,40,0.01,0,A,49,TrialObsQual,50,0.1,0.01
1e-4,0.8,40,0.01,0,A,50,TrialObsQual,50,0.1,0.01
0.001,0.8,40,0.01,0,A,51,TrialObsQual,50,0.1,0.01
1e-5,1.1,40,0.01,0,A,52,TrialObsQual,50,0.1,0.01
1e-4,1.1,40,0.01,0,A,53,TrialObsQual,50,0.1,0.01
0.001,1.1,40,0.01,0,A,54,TrialObsQual,50,0.1,0.01
1e-5,0.3,5,0.1,0,A,55,TrialObsQual,50,0.1,0.01
1e-4,0.3,5,0.1,0,A,56,TrialObsQual,50,0.1,0.01
0.001,0.3,5,0.1,0,A,57,TrialObsQual,50,0.1,0.01
1e-5,0.8,5,0.1,0,A,58,TrialObsQual,50,0.1,0.01
1e-4,0.8,5,0.1,0,A,59,TrialObsQual,50,0.1,0.01
0.001,0.8,5,0.1,0,A,60,TrialObsQual,50,0.1,0.01
1e-5,1.1,5,0.1,0,A,61,TrialObsQual,50,0.1,0.01
1e-4,1.1,5,0.1,0,A,62,TrialObsQual,50,0.1,0.01
0.001,1.1,5,0.1,0,A,63,TrialObsQual,50,0.1,0.01
1e-5,0.3,20,0.1,0,A,64,TrialObsQual,50,0.1,0.01
1e-4,0.3,20,0.1,0,A,65,TrialObsQual,50,0.1,0.01
0.001,0.3,20,0.1,0,A,66,TrialObsQual,50,0.1,0.01
1e-5,0.8,20,0.1,0,A,67,TrialObsQual,50,0.1,0.01
1e-4,0.8,20,0.1,0,A,68,TrialObsQual,50,0.1,0.01
0.001,0.8,20,0.1,0,A,69,TrialObsQual,50,0.1,0.01
1e-5,1.1,20,0.1,0,A,70,TrialObsQual,50,0.1,0.01
1e-4,1.1,20,0.1,0,A,71,TrialObsQual,50,0.1,0.01
0.001,1.1,20,0.1,0,A,72,TrialObsQual,50,0.1,0.01
1e-5,0.3,40,0.1,0,A,73,TrialObsQual,50,0.1,0.01
1e-4,0.3,40,0.1,0,A,74,TrialObsQual,50,0.1,0.01
0.001,0.3,40,0.1,0,A,75,TrialObsQual,50,0.1,0.01
1e-5,0.8,40,0.1,0,A,76,TrialObsQual,50,0.1,0.01
1e-4,0.8,40,0.1,0,A,77,TrialObsQual,50,0.1,0.01
0.001,0.8,40,0.1,0,A,78,TrialObsQual,50,0.1,0.01
1e-5,1.1,40,0.1,0,A,79,TrialObsQual,50,0.1,0.01
1e-4,1.1,40,0.1,0,A,80,TrialObsQual,50,0.1,0.01
0.001,1.1,40,0.1,0,A,81,TrialObsQual,50,0.1,0.01
1e-5,0.3,5,0.001,0.05,A,82,TrialObsQual,50,0.1,0.01
1e-4,0.3,5,0.001,0.05,A,83,TrialObsQual,50,0.1,0.01
0.001,0.3,5,0.001,0.05,A,84,TrialObsQual,50,0.1,0.01
1e-5,0.8,5,0.001,0.05,A,85,TrialObsQual,50,0.1,0.01
1e-4,0.8,5,0.001,0.05,A,86,TrialObsQual,50,0.1,0.01
0.001,0.8,5,0.001,0.05,A,87,TrialObsQual,50,0.1,0.01
1e-5,1.1,5,0.001,0.05,A,88,TrialObsQual,50,0.1,0.01
1e-4,1.1,5,0.001,0.05,A,89,TrialObsQual,50,0.1,0.01
0.001,1.1,5,0.001,0.05,A,90,TrialObsQual,50,0.1,0.01
1e-5,0.3,20,0.001,0.05,A,91,TrialObsQual,50,0.1,0.01
1e-4,0.3,20,0.001,0.05,A,92,TrialObsQual,50,0.1,0.01
0.001,0.3,20,0.001,0.05,A,93,TrialObsQual,50,0.1,0.01
1e-5,0.8,20,0.001,0.05,A,94,TrialObsQual,50,0.1,0.01
1e-4,0.8,20,0.001,0.05,A,95,TrialObsQual,50,0.1,0.01
0.001,0.8,20,0.001,0.05,A,96,TrialObsQual,50,0.1,0.01
1e-5,1.1,20,0.001,0.05,A,97,TrialObsQual,50,0.1,0.01
1e-4,1.1,20,0.001,0.05,A,98,TrialObsQual,50,0.1,0.01
0.001,1.1,20,0.001,0.05,A,99,TrialObsQual,50,0.1,0.01
1e-5,0.3,40,0.001,0.05,A,100,TrialObsQual,50,0.1,0.01
1e-4,0.3,40,0.001,0.05,A,101,TrialObsQual,50,0.1,0.01
0.001,0.3,40,0.001,0.05,A,102,TrialObsQual,50,0.1,0.01
1e-5,0.8,40,0.001,0.05,A,103,TrialObsQual,50,0.1,0.01
1e-4,0.8,40,0.001,0.05,A,104,TrialObsQual,50,0.1,0.01
0.001,0.8,40,0.001,0.05,A,105,TrialObsQual,50,0.1,0.01
1e-5,1.1,40,0.001,0.05,A,106,TrialObsQual,50,0.1,0.01
1e-4,1.1,40,0.001,0.05,A,107,TrialObsQual,50,0.1,0.01
0.001,1.1,40,0.001,0.05,A,108,TrialObsQual,50,0.1,0.01
1e-5,0.3,5,0.01,0.05,A,109,TrialObsQual,50,0.1,0.01
1e-4,0.3,5,0.01,0.05,A,110,TrialObsQual,50,0.1,0.01
0.001,0.3,5,0.01,0.05,A,111,TrialObsQual,50,0.1,0.01
1e-5,0.8,5,0.01,0.05,A,112,TrialObsQual,50,0.1,0.01
1e-4,0.8,5,0.01,0.05,A,113,TrialObsQual,50,0.1,0.01
0.001,0.8,5,0.01,0.05,A,114,TrialObsQual,50,0.1,0.01
1e-5,1.1,5,0.01,0.05,A,115,TrialObsQual,50,0.1,0.01
1e-4,1.1,5,0.01,0.05,A,116,TrialObsQual,50,0.1,0.01
0.001,1.1,5,0.01,0.05,A,117,TrialObsQual,50,0.1,0.01
1e-5,0.3,20,0.01,0.05,A,118,TrialObsQual,50,0.1,0.01
1e-4,0.3,20,0.01,0.05,A,119,TrialObsQual,50,0.1,0.01
0.001,0.3,20,0.01,0.05,A,120,TrialObsQual,50,0.1,0.01
1e-5,0.8,20,0.01,0.05,A,121,TrialObsQual,50,0.1,0.01
1e-4,0.8,20,0.01,0.05,A,122,TrialObsQual,50,0.1,0.01
0.001,0.8,20,0.01,0.05,A,123,TrialObsQual,50,0.1,0.01
1e-5,1.1,20,0.01,0.05,A,124,TrialObsQual,50,0.1,0.01
1e-4,1.1,20,0.01,0.05,A,125,TrialObsQual,50,0.1,0.01
0.001,1.1,20,0.01,0.05,A,126,TrialObsQual,50,0.1,0.01
1e-5,0.3,40,0.01,0.05,A,127,TrialObsQual,50,0.1,0.01
1e-4,0.3,40,0.01,0.05,A,128,TrialObsQual,50,0.1,0.01
0.001,0.3,40,0.01,0.05,A,129,TrialObsQual,50,0.1,0.01
1e-5,0.8,40,0.01,0.05,A,130,TrialObsQual,50,0.1,0.01
1e-4,0.8,40,0.01,0.05,A,131,TrialObsQual,50,0.1,0.01
0.001,0.8,40,0.01,0.05,A,132,TrialObsQual,50,0.1,0.01
1e-5,1.1,40,0.01,0.05,A,133,TrialObsQual,50,0.1,0.01
1e-4,1.1,40,0.01,0.05,A,134,TrialObsQual,50,0.1,0.01
0.001,1.1,40,0.01,0.05,A,135,TrialObsQual,50,0.1,0.01
1e-5,0.3,5,0.1,0.05,A,136,TrialObsQual,50,0.1,0.01
1e-4,0.3,5,0.1,0.05,A,137,TrialObsQual,50,0.1,0.01
0.001,0.3,5,0.1,0.05,A,138,TrialObsQual,50,0.1,0.01
1e-5,0.8,5,0.1,0.05,A,139,TrialObsQual,50,0.1,0.01
1e-4,0.8,5,0.1,0.05,A,140,TrialObsQual,50,0.1,0.01
0.001,0.8,5,0.1,0.05,A,141,TrialObsQual,50,0.1,0.01
1e-5,1.1,5,0.1,0.05,A,142,TrialObsQual,50,0.1,0.01
1e-4,1.1,5,0.1,0.05,A,143,TrialObsQual,50,0.1,0.01
0.001,1.1,5,0.1,0.05,A,144,TrialObsQual,50,0.1,0.01
1e-5,0.3,20,0.1,0.05,A,145,TrialObsQual,50,0.1,0.01
1e-4,0.3,20,0.1,0.05,A,146,TrialObsQual,50,0.1,0.01
0.001,0.3,20,0.1,0.05,A,147,TrialObsQual,50,0.1,0.01
1e-5,0.8,20,0.1,0.05,A,148,TrialObsQual,50,0.1,0.01
1e-4,0.8,20,0.1,0.05,A,149,TrialObsQual,50,0.1,0.01
0.001,0.8,20,0.1,0.05,A,150,TrialObsQual,50,0.1,0.01
1e-5,1.1,20,0.1,0.05,A,151,TrialObsQual,50,0.1,0.01
1e-4,1.1,20,0.1,0.05,A,152,TrialObsQual,50,0.1,0.01
0.001,1.1,20,0.1,0.05,A,153,TrialObsQual,50,0.1,0.01
1e-5,0.3,40,0.1,0.05,A,154,TrialObsQual,50,0.1,0.01
1e-4,0.3,40,0.1,0.05,A,155,TrialObsQual,50,0.1,0.01
0.001,0.3,40,0.1,0.05,A,156,TrialObsQual,50,0.1,0.01
1e-5,0.8,40,0.1,0.05,A,157,TrialObsQual,50,0.1,0.01
1e-4,0.8,40,0.1,0.05,A,158,TrialObsQual,50,0.1,0.01
0.001,0.8,40,0.1,0.05,A,159,TrialObsQual,50,0.1,0.01
1e-5,1.1,40,0.1,0.05,A,160,TrialObsQual,50,0.1,0.01
1e-4,1.1,40,0.1,0.05,A,161,TrialObsQual,50,0.1,0.01
0.001,1.1,40,0.1,0.05,A,162,TrialObsQual,50,0.1,0.01
1e-5,0.3,5,0.001,0.1,A,163,TrialObsQual,50,0.1,0.01
1e-4,0.3,5,0.001,0.1,A,164,TrialObsQual,50,0.1,0.01
0.001,0.3,5,0.001,0.1,A,165,TrialObsQual,50,0.1,0.01
1e-5,0.8,5,0.001,0.1,A,166,TrialObsQual,50,0.1,0.01
1e-4,0.8,5,0.001,0.1,A,167,TrialObsQual,50,0.1,0.01
0.001,0.8,5,0.001,0.1,A,168,TrialObsQual,50,0.1,0.01
1e-5,1.1,5,0.001,0.1,A,169,TrialObsQual,50,0.1,0.01
1e-4,1.1,5,0.001,0.1,A,170,TrialObsQual,50,0.1,0.01
0.001,1.1,5,0.001,0.1,A,171,TrialObsQual,50,0.1,0.01
1e-5,0.3,20,0.001,0.1,A,172,TrialObsQual,50,0.1,0.01
1e-4,0.3,20,0.001,0.1,A,173,TrialObsQual,50,0.1,0.01
0.001,0.3,20,0.001,0.1,A,174,TrialObsQual,50,0.1,0.01
1e-5,0.8,20,0.001,0.1,A,175,TrialObsQual,50,0.1,0.01
1e-4,0.8,20,0.001,0.1,A,176,TrialObsQual,50,0.1,0.01
0.001,0.8,20,0.001,0.1,A,177,TrialObsQual,50,0.1,0.01
1e-5,1.1,20,0.001,0.1,A,178,TrialObsQual,50,0.1,0.01
1e-4,1.1,20,0.001,0.1,A,179,TrialObsQual,50,0.1,0.01
0.001,1.1,20,0.001,0.1,A,180,TrialObsQual,50,0.1,0.01
1e-5,0.3,40,0.001,0.1,A,181,TrialObsQual,50,0.1,0.01
1e-4,0.3,40,0.001,0.1,A,182,TrialObsQual,50,0.1,0.01
0.001,0.3,40,0.001,0.1,A,183,TrialObsQual,50,0.1,0.01
1e-5,0.8,40,0.001,0.1,A,184,TrialObsQual,50,0.1,0.01
1e-4,0.8,40,0.001,0.1,A,185,TrialObsQual,50,0.1,0.01
0.001,0.8,40,0.001,0.1,A,186,TrialObsQual,50,0.1,0.01
1e-5,1.1,40,0.001,0.1,A,187,TrialObsQual,50,0.1,0.01
1e-4,1.1,40,0.001,0.1,A,188,TrialObsQual,50,0.1,0.01
0.001,1.1,40,0.001,0.1,A,189,TrialObsQual,50,0.1,0.01
1e-5,0.3,5,0.01,0.1,A,190,TrialObsQual,50,0.1,0.01
1e-4,0.3,5,0.01,0.1,A,191,TrialObsQual,50,0.1,0.01
0.001,0.3,5,0.01,0.1,A,192,TrialObsQual,50,0.1,0.01
1e-5,0.8,5,0.01,0.1,A,193,TrialObsQual,50,0.1,0.01
1e-4,0.8,5,0.01,0.1,A,194,TrialObsQual,50,0.1,0.01
0.001,0.8,5,0.01,0.1,A,195,TrialObsQual,50,0.1,0.01
1e-5,1.1,5,0.01,0.1,A,196,TrialObsQual,50,0.1,0.01
1e-4,1.1,5,0.01,0.1,A,197,TrialObsQual,50,0.1,0.01
0.001,1.1,5,0.01,0.1,A,198,TrialObsQual,50,0.1,0.01
1e-5,0.3,20,0.01,0.1,A,199,TrialObsQual,50,0.1,0.01
1e-4,0.3,20,0.01,0.1,A,200,TrialObsQual,50,0.1,0.01
0.001,0.3,20,0.01,0.1,A,201,TrialObsQual,50,0.1,0.01
1e-5,0.8,20,0.01,0.1,A,202,TrialObsQual,50,0.1,0.01
1e-4,0.8,20,0.01,0.1,A,203,TrialObsQual,50,0.1,0.01
0.001,0.8,20,0.01,0.1,A,204,TrialObsQual,50,0.1,0.01
1e-5,1.1,20,0.01,0.1,A,205,TrialObsQual,50,0.1,0.01
1e-4,1.1,20,0.01,0.1,A,206,TrialObsQual,50,0.1,0.01
0.001,1.1,20,0.01,0.1,A,207,TrialObsQual,50,0.1,0.01
1e-5,0.3,40,0.01,0.1,A,208,TrialObsQual,50,0.1,0.01
1e-4,0.3,40,0.01,0.1,A,209,TrialObsQual,50,0.1,0.01
0.001,0.3,40,0.01,0.1,A,210,TrialObsQual,50,0.1,0.01
1e-5,0.8,40,0.01,0.1,A,211,TrialObsQual,50,0.1,0.01
1e-4,0.8,40,0.01,0.1,A,212,TrialObsQual,50,0.1,0.01
0.001,0.8,40,0.01,0.1,A,213,TrialObsQual,50,0.1,0.01
1e-5,1.1,40,0.01,0.1,A,214,TrialObsQual,50,0.1,0.01
1e-4,1.1,40,0.01,0.1,A,215,TrialObsQual,50,0.1,0.01
0.001,1.1,40,0.01,0.1,A,216,TrialObsQual,50,0.1,0.01
1e-5,0.3,5,0.1,0.1,A,217,TrialObsQual,50,0.1,0.01
1e-4,0.3,5,0.1,0.1,A,218,TrialObsQual,50,0.1,0.01
0.001,0.3,5,0.1,0.1,A,219,TrialObsQual,50,0.1,0.01
1e-5,0.8,5,0.1,0.1,A,220,TrialObsQual,50,0.1,0.01
1e-4,0.8,5,0.1,0.1,A,221,TrialObsQual,50,0.1,0.01
0.001,0.8,5,0.1,0.1,A,222,TrialObsQual,50,0.1,0.01
1e-5,1.1,5,0.1,0.1,A,223,TrialObsQual,50,0.1,0.01
1e-4,1.1,5,0.1,0.1,A,224,TrialObsQual,50,0.1,0.01
0.001,1.1,5,0.1,0.1,A,225,TrialObsQual,50,0.1,0.01
1e-5,0.3,20,0.1,0.1,A,226,TrialObsQual,50,0.1,0.01
1e-4,0.3,20,0.1,0.1,A,227,TrialObsQual,50,0.1,0.01
0.001,0.3,20,0.1,0.1,A,228,TrialObsQual,50,0.1,0.01
1e-5,0.8,20,0.1,0.1,A,229,TrialObsQual,50,0.1,0.01
1e-4,0.8,20,0.1,0.1,A,230,TrialObsQual,50,0.1,0.01
0.001,0.8,20,0.1,0.1,A,231,TrialObsQual,50,0.1,0.01
1e-5,1.1,20,0.1,0.1,A,232,TrialObsQual,50,0.1,0.01
1e-4,1.1,20,0.1,0.1,A,233,TrialObsQual,50,0.1,0.01
0.001,1.1,20,0.1,0.1,A,234,TrialObsQual,50,0.1,0.01
1e-5,0.3,40,0.1,0.1,A,235,TrialObsQual,50,0.1,0.01
1e-4,0.3,40,0.1,0.1,A,236,TrialObsQual,50,0.1,0.01
0.001,0.3,40,0.1,0.1,A,237,TrialObsQual,50,0.1,0.01
1e-5,0.8,40,0.1,0.1,A,238,TrialObsQual,50,0.1,0.01
1e-4,0.8,40,0.1,0.1,A,239,TrialObsQual,50,0.1,0.01
0.001,0.8,40,0.1,0.1,A,240,TrialObsQual,50,0.1,0.01
1e-5,1.1,40,0.1,0.1,A,241,TrialObsQual,50,0.1,0.01
1e-4,1.1,40,0.1,0.1,A,242,TrialObsQual,50,0.1,0.01
0.001,1.1,40,0.1,0.1,A,243,TrialObsQual,50,0.1,0.01
1e-5,0.3,5,0.001,0.2,A,244,TrialObsQual,50,0.1,0.01
1e-4,0.3,5,0.001,0.2,A,245,TrialObsQual,50,0.1,0.01
0.001,0.3,5,0.001,0.2,A,246,TrialObsQual,50,0.1,0.01
1e-5,0.8,5,0.001,0.2,A,247,TrialObsQual,50,0.1,0.01
1e-4,0.8,5,0.001,0.2,A,248,TrialObsQual,50,0.1,0.01
0.001,0.8,5,0.001,0.2,A,249,TrialObsQual,50,0.1,0.01
1e-5,1.1,5,0.001,0.2,A,250,TrialObsQual,50,0.1,0.01
1e-4,1.1,5,0.001,0.2,A,251,TrialObsQual,50,0.1,0.01
0.001,1.1,5,0.001,0.2,A,252,TrialObsQual,50,0.1,0.01
1e-5,0.3,20,0.001,0.2,A,253,TrialObsQual,50,0.1,0.01
1e-4,0.3,20,0.001,0.2,A,254,TrialObsQual,50,0.1,0.01
0.001,0.3,20,0.001,0.2,A,255,TrialObsQual,50,0.1,0.01
1e-5,0.8,20,0.001,0.2,A,256,TrialObsQual,50,0.1,0.01
1e-4,0.8,20,0.001,0.2,A,257,TrialObsQual,50,0.1,0.01
0.001,0.8,20,0.001,0.2,A,258,TrialObsQual,50,0.1,0.01
1e-5,1.1,20,0.001,0.2,A,259,TrialObsQual,50,0.1,0.01
1e-4,1.1,20,0.001,0.2,A,260,TrialObsQual,50,0.1,0.01
0.001,1.1,20,0.001,0.2,A,261,TrialObsQual,50,0.1,0.01
1e-5,0.3,40,0.001,0.2,A,262,TrialObsQual,50,0.1,0.01
1e-4,0.3,40,0.001,0.2,A,263,TrialObsQual,50,0.1,0.01
0.001,0.3,40,0.001,0.2,A,264,TrialObsQual,50,0.1,0.01
1e-5,0.8,40,0.001,0.2,A,265,TrialObsQual,50,0.1,0.01
1e-4,0.8,40,0.001,0.2,A,266,TrialObsQual,50,0.1,0.01
0.001,0.8,40,0.001,0.2,A,267,TrialObsQual,50,0.1,0.01
1e-5,1.1,40,0.001,0.2,A,268,TrialObsQual,50,0.1,0.01
1e-4,1.1,40,0.001,0.2,A,269,TrialObsQual,50,0.1,0.01
0.001,1.1,40,0.001,0.2,A,270,TrialObsQual,50,0.1,0.01
1e-5,0.3,5,0.01,0.2,A,271,TrialObsQual,50,0.1,0.01
1e-4,0.3,5,0.01,0.2,A,272,TrialObsQual,50,0.1,0.01
0.001,0.3,5,0.01,0.2,A,273,TrialObsQual,50,0.1,0.01
1e-5,0.8,5,0.01,0.2,A,274,TrialObsQual,50,0.1,0.01
1e-4,0.8,5,0.01,0.2,A,275,TrialObsQual,50,0.1,0.01
0.001,0.8,5,0.01,0.2,A,276,TrialObsQual,50,0.1,0.01
1e-5,1.1,5,0.01,0.2,A,277,TrialObsQual,50,0.1,0.01
1e-4,1.1,5,0.01,0.2,A,278,TrialObsQual,50,0.1,0.01
0.001,1.1,5,0.01,0.2,A,279,TrialObsQual,50,0.1,0.01
1e-5,0.3,20,0.01,0.2,A,280,TrialObsQual,50,0.1,0.01
1e-4,0.3,20,0.01,0.2,A,281,TrialObsQual,50,0.1,0.01
0.001,0.3,20,0.01,0.2,A,282,TrialObsQual,50,0.1,0.01
1e-5,0.8,20,0.01,0.2,A,283,TrialObsQual,50,0.1,0.01
1e-4,0.8,20,0.01,0.2,A,284,TrialObsQual,50,0.1,0.01
0.001,0.8,20,0.01,0.2,A,285,TrialObsQual,50,0.1,0.01
1e-5,1.1,20,0.01,0.2,A,286,TrialObsQual,50,0.1,0.01
1e-4,1.1,20,0.01,0.2,A,287,TrialObsQual,50,0.1,0.01
0.001,1.1,20,0.01,0.2,A,288,TrialObsQual,50,0.1,0.01
1e-5,0.3,40,0.01,0.2,A,289,TrialObsQual,50,0.1,0.01
1e-4,0.3,40,0.01,0.2,A,290,TrialObsQual,50,0.1,0.01
0.001,0.3,40,0.01,0.2,A,291,TrialObsQual,50,0.1,0.01
1e-5,0.8,40,0.01,0.2,A,292,TrialObsQual,50,0.1,0.01
1e-4,0.8,40,0.01,0.2,A,293,TrialObsQual,50,0.1,0.01
0.001,0.8,40,0.01,0.2,A,294,TrialObsQual,50,0.1,0.01
1e-5,1.1,40,0.01,0.2,A,295,TrialObsQual,50,0.1,0.01
1e-4,1.1,40,0.01,0.2,A,296,TrialObsQual,50,0.1,0.01
0.001,1.1,40,0.01,0.2,A,297,TrialObsQual,50,0.1,0.01
1e-5,0.3,5,0.1,0.2,A,298,TrialObsQual,50,0.1,0.01
1e-4,0.3,5,0.1,0.2,A,299,TrialObsQual,50,0.1,0.01
0.001,0.3,5,0.1,0.2,A,300,TrialObsQual,50,0.1,0.01
1e-5,0.8,5,0.1,0.2,A,301,TrialObsQual,50,0.1,0.01
1e-4,0.8,5,0.1,0.2,A,302,TrialObsQual,50,0.1,0.01
0.001,0.8,5,0.1,0.2,A,303,TrialObsQual,50,0.1,0.01
1e-5,1.1,5,0.1,0.2,A,304,TrialObsQual,50,0.1,0.01
1e-4,1.1,5,0.1,0.2,A,305,TrialObsQual,50,0.1,0.01
0.001,1.1,5,0.1,0.2,A,306,TrialObsQual,50,0.1,0.01
1e-5,0.3,20,0.1,0.2,A,307,TrialObsQual,50,0.1,0.01
1e-4,0.3,20,0.1,0.2,A,308,TrialObsQual,50,0.1,0.01
0.001,0.3,20,0.1,0.2,A,309,TrialObsQual,50,0.1,0.01
1e-5,0.8,20,0.1,0.2,A,310,TrialObsQual,50,0.1,0.01
1e-4,0.8,20,0.1,0.2,A,311,TrialObsQual,50,0.1,0.01
0.001,0.8,20,0.1,0.2,A,312,TrialObsQual,50,0.1,0.01
1e-5,1.1,20,0.1,0.2,A,313,TrialObsQual,50,0.1,0.01
1e-4,1.1,20,0.1,0.2,A,314,TrialObsQual,50,0.1,0.01
0.001,1.1,20,0.1,0.2,A,315,TrialObsQual,50,0.1,0.01
1e-5,0.3,40,0.1,0.2,A,316,TrialObsQual,50,0.1,0.01
1e-4,0.3,40,0.1,0.2,A,317,TrialObsQual,50,0.1,0.01
0.001,0.3,40,0.1,0.2,A,318,TrialObsQual,50,0.1,0.01
1e-5,0.8,40,0.1,0.2,A,319,TrialObsQual,50,0.1,0.01
1e-4,0.8,40,0.1,0.2,A,320,TrialObsQual,50,0.1,0.01
0.001,0.8,40,0.1,0.2,A,321,TrialObsQual,50,0.1,0.01
1e-5,1.1,40,0.1,0.2,A,322,TrialObsQual,50,0.1,0.01
1e-4,1.1,40,0.1,0.2,A,323,TrialObsQual,50,0.1,0.01
0.001,1.1,40,0.1,0.2,A,324,TrialObsQual,50,0.1,0.01
1e-5,0.3,5,0.001,0,B,325,TrialObsQual,50,0.1,0.01
1e-4,0.3,5,0.001,0,B,326,TrialObsQual,50,0.1,0.01
0.001,0.3,5,0.001,0,B,327,TrialObsQual,50,0.1,0.01
1e-5,0.8,5,0.001,0,B,328,TrialObsQual,50,0.1,0.01
1e-4,0.8,5,0.001,0,B,329,TrialObsQual,50,0.1,0.01
0.001,0.8,5,0.001,0,B,330,TrialObsQual,50,0.1,0.01
1e-5,1.1,5,0.001,0,B,331,TrialObsQual,50,0.1,0.01
1e-4,1.1,5,0.001,0,B,332,TrialObsQual,50,0.1,0.01
0.001,1.1,5,0.001,0,B,333,TrialObsQual,50,0.1,0.01
1e-5,0.3,20,0.001,0,B,334,TrialObsQual,50,0.1,0.01
1e-4,0.3,20,0.001,0,B,335,TrialObsQual,50,0.1,0.01
0.001,0.3,20,0.001,0,B,336,TrialObsQual,50,0.1,0.01
1e-5,0.8,20,0.001,0,B,337,TrialObsQual,50,0.1,0.01
1e-4,0.8,20,0.001,0,B,338,TrialObsQual,50,0.1,0.01
0.001,0.8,20,0.001,0,B,339,TrialObsQual,50,0.1,0.01
1e-5,1.1,20,0.001,0,B,340,TrialObsQual,50,0.1,0.01
1e-4,1.1,20,0.001,0,B,341,TrialObsQual,50,0.1,0.01
0.001,1.1,20,0.001,0,B,342,TrialObsQual,50,0.1,0.01
1e-5,0.3,40,0.001,0,B,343,TrialObsQual,50,0.1,0.01
1e-4,0.3,40,0.001,0,B,344,TrialObsQual,50,0.1,0.01
0.001,0.3,40,0.001,0,B,345,TrialObsQual,50,0.1,0.01
1e-5,0.8,40,0.001,0,B,346,TrialObsQual,50,0.1,0.01
1e-4,0.8,40,0.001,0,B,347,TrialObsQual,50,0.1,0.01
0.001,0.8,40,0.001,0,B,348,TrialObsQual,50,0.1,0.01
1e-5,1.1,40,0.001,0,B,349,TrialObsQual,50,0.1,0.01
1e-4,1.1,40,0.001,0,B,350,TrialObsQual,50,0.1,0.01
0.001,1.1,40,0.001,0,B,351,TrialObsQual,50,0.1,0.01
1e-5,0.3,5,0.01,0,B,352,TrialObsQual,50,0.1,0.01
1e-4,0.3,5,0.01,0,B,353,TrialObsQual,50,0.1,0.01
0.001,0.3,5,0.01,0,B,354,TrialObsQual,50,0.1,0.01
1e-5,0.8,5,0.01,0,B,355,TrialObsQual,50,0.1,0.01
1e-4,0.8,5,0.01,0,B,356,TrialObsQual,50,0.1,0.01
0.001,0.8,5,0.01,0,B,357,TrialObsQual,50,0.1,0.01
1e-5,1.1,5,0.01,0,B,358,TrialObsQual,50,0.1,0.01
1e-4,1.1,5,0.01,0,B,359,TrialObsQual,50,0.1,0.01
0.001,1.1,5,0.01,0,B,360,TrialObsQual,50,0.1,0.01
1e-5,0.3,20,0.01,0,B,361,TrialObsQual,50,0.1,0.01
1e-4,0.3,20,0.01,0,B,362,TrialObsQual,50,0.1,0.01
0.001,0.3,20,0.01,0,B,363,TrialObsQual,50,0.1,0.01
1e-5,0.8,20,0.01,0,B,364,TrialObsQual,50,0.1,0.01
1e-4,0.8,20,0.01,0,B,365,TrialObsQual,50,0.1,0.01
0.001,0.8,20,0.01,0,B,366,TrialObsQual,50,0.1,0.01
1e-5,1.1,20,0.01,0,B,367,TrialObsQual,50,0.1,0.01
1e-4,1.1,20,0.01,0,B,368,TrialObsQual,50,0.1,0.01
0.001,1.1,20,0.01,0,B,369,TrialObsQual,50,0.1,0.01
1e-5,0.3,40,0.01,0,B,370,TrialObsQual,50,0.1,0.01
1e-4,0.3,40,0.01,0,B,371,TrialObsQual,50,0.1,0.01
0.001,0.3,40,0.01,0,B,372,TrialObsQual,50,0.1,0.01
1e-5,0.8,40,0.01,0,B,373,TrialObsQual,50,0.1,0.01
1e-4,0.8,40,0.01,0,B,374,TrialObsQual,50,0.1,0.01
0.001,0.8,40,0.01,0,B,375,TrialObsQual,50,0.1,0.01
1e-5,1.1,40,0.01,0,B,376,TrialObsQual,50,0.1,0.01
1e-4,1.1,40,0.01,0,B,377,TrialObsQual,50,0.1,0.01
0.001,1.1,40,0.01,0,B,378,TrialObsQual,50,0.1,0.01
1e-5,0.3,5,0.1,0,B,379,TrialObsQual,50,0.1,0.01
1e-4,0.3,5,0.1,0,B,380,TrialObsQual,50,0.1,0.01
0.001,0.3,5,0.1,0,B,381,TrialObsQual,50,0.1,0.01
1e-5,0.8,5,0.1,0,B,382,TrialObsQual,50,0.1,0.01
1e-4,0.8,5,0.1,0,B,383,TrialObsQual,50,0.1,0.01
0.001,0.8,5,0.1,0,B,384,TrialObsQual,50,0.1,0.01
1e-5,1.1,5,0.1,0,B,385,TrialObsQual,50,0.1,0.01
1e-4,1.1,5,0.1,0,B,386,TrialObsQual,50,0.1,0.01
0.001,1.1,5,0.1,0,B,387,TrialObsQual,50,0.1,0.01
1e-5,0.3,20,0.1,0,B,388,TrialObsQual,50,0.1,0.01
1e-4,0.3,20,0.1,0,B,389,TrialObsQual,50,0.1,0.01
0.001,0.3,20,0.1,0,B,390,TrialObsQual,50,0.1,0.01
1e-5,0.8,20,0.1,0,B,391,TrialObsQual,50,0.1,0.01
1e-4,0.8,20,0.1,0,B,392,TrialObsQual,50,0.1,0.01
0.001,0.8,20,0.1,0,B,393,TrialObsQual,50,0.1,0.01
1e-5,1.1,20,0.1,0,B,394,TrialObsQual,50,0.1,0.01
1e-4,1.1,20,0.1,0,B,395,TrialObsQual,50,0.1,0.01
0.001,1.1,20,0.1,0,B,396,TrialObsQual,50,0.1,0.01
1e-5,0.3,40,0.1,0,B,397,TrialObsQual,50,0.1,0.01
1e-4,0.3,40,0.1,0,B,398,TrialObsQual,50,0.1,0.01
0.001,0.3,40,0.1,0,B,399,TrialObsQual,50,0.1,0.01
1e-5,0.8,40,0.1,0,B,400,TrialObsQual,50,0.1,0.01
1e-4,0.8,40,0.1,0,B,401,TrialObsQual,50,0.1,0.01
0.001,0.8,40,0.1,0,B,402,TrialObsQual,50,0.1,0.01
1e-5,1.1,40,0.1,0,B,403,TrialObsQual,50,0.1,0.01
1e-4,1.1,40,0.1,0,B,404,TrialObsQual,50,0.1,0.01
0.001,1.1,40,0.1,0,B,405,TrialObsQual,50,0.1,0.01
1e-5,0.3,5,0.001,0.05,B,406,TrialObsQual,50,0.1,0.01
1e-4,0.3,5,0.001,0.05,B,407,TrialObsQual,50,0.1,0.01
0.001,0.3,5,0.001,0.05,B,408,TrialObsQual,50,0.1,0.01
1e-5,0.8,5,0.001,0.05,B,409,TrialObsQual,50,0.1,0.01
1e-4,0.8,5,0.001,0.05,B,410,TrialObsQual,50,0.1,0.01
0.001,0.8,5,0.001,0.05,B,411,TrialObsQual,50,0.1,0.01
1e-5,1.1,5,0.001,0.05,B,412,TrialObsQual,50,0.1,0.01
1e-4,1.1,5,0.001,0.05,B,413,TrialObsQual,50,0.1,0.01
0.001,1.1,5,0.001,0.05,B,414,TrialObsQual,50,0.1,0.01
1e-5,0.3,20,0.001,0.05,B,415,TrialObsQual,50,0.1,0.01
1e-4,0.3,20,0.001,0.05,B,416,TrialObsQual,50,0.1,0.01
0.001,0.3,20,0.001,0.05,B,417,TrialObsQual,50,0.1,0.01
1e-5,0.8,20,0.001,0.05,B,418,TrialObsQual,50,0.1,0.01
1e-4,0.8,20,0.001,0.05,B,419,TrialObsQual,50,0.1,0.01
0.001,0.8,20,0.001,0.05,B,420,TrialObsQual,50,0.1,0.01
1e-5,1.1,20,0.001,0.05,B,421,TrialObsQual,50,0.1,0.01
1e-4,1.1,20,0.001,0.05,B,422,TrialObsQual,50,0.1,0.01
0.001,1.1,20,0.001,0.05,B,423,TrialObsQual,50,0.1,0.01
1e-5,0.3,40,0.001,0.05,B,424,TrialObsQual,50,0.1,0.01
1e-4,0.3,40,0.001,0.05,B,425,TrialObsQual,50,0.1,0.01
0.001,0.3,40,0.001,0.05,B,426,TrialObsQual,50,0.1,0.01
1e-5,0.8,40,0.001,0.05,B,427,TrialObsQual,50,0.1,0.01
1e-4,0.8,40,0.001,0.05,B,428,TrialObsQual,50,0.1,0.01
0.001,0.8,40,0.001,0.05,B,429,TrialObsQual,50,0.1,0.01
1e-5,1.1,40,0.001,0.05,B,430,TrialObsQual,50,0.1,0.01
1e-4,1.1,40,0.001,0.05,B,431,TrialObsQual,50,0.1,0.01
0.001,1.1,40,0.001,0.05,B,432,TrialObsQual,50,0.1,0.01
1e-5,0.3,5,0.01,0.05,B,433,TrialObsQual,50,0.1,0.01
1e-4,0.3,5,0.01,0.05,B,434,TrialObsQual,50,0.1,0.01
0.001,0.3,5,0.01,0.05,B,435,TrialObsQual,50,0.1,0.01
1e-5,0.8,5,0.01,0.05,B,436,TrialObsQual,50,0.1,0.01
1e-4,0.8,5,0.01,0.05,B,437,TrialObsQual,50,0.1,0.01
0.001,0.8,5,0.01,0.05,B,438,TrialObsQual,50,0.1,0.01
1e-5,1.1,5,0.01,0.05,B,439,TrialObsQual,50,0.1,0.01
1e-4,1.1,5,0.01,0.05,B,440,TrialObsQual,50,0.1,0.01
0.001,1.1,5,0.01,0.05,B,441,TrialObsQual,50,0.1,0.01
1e-5,0.3,20,0.01,0.05,B,442,TrialObsQual,50,0.1,0.01
1e-4,0.3,20,0.01,0.05,B,443,TrialObsQual,50,0.1,0.01
0.001,0.3,20,0.01,0.05,B,444,TrialObsQual,50,0.1,0.01
1e-5,0.8,20,0.01,0.05,B,445,TrialObsQual,50,0.1,0.01
1e-4,0.8,20,0.01,0.05,B,446,TrialObsQual,50,0.1,0.01
0.001,0.8,20,0.01,0.05,B,447,TrialObsQual,50,0.1,0.01
1e-5,1.1,20,0.01,0.05,B,448,TrialObsQual,50,0.1,0.01
1e-4,1.1,20,0.01,0.05,B,449,TrialObsQual,50,0.1,0.01
0.001,1.1,20,0.01,0.05,B,450,TrialObsQual,50,0.1,0.01
1e-5,0.3,40,0.01,0.05,B,451,TrialObsQual,50,0.1,0.01
1e-4,0.3,40,0.01,0.05,B,452,TrialObsQual,50,0.1,0.01
0.001,0.3,40,0.01,0.05,B,453,TrialObsQual,50,0.1,0.01
1e-5,0.8,40,0.01,0.05,B,454,TrialObsQual,50,0.1,0.01
1e-4,0.8,40,0.01,0.05,B,455,TrialObsQual,50,0.1,0.01
0.001,0.8,40,0.01,0.05,B,456,TrialObsQual,50,0.1,0.01
1e-5,1.1,40,0.01,0.05,B,457,TrialObsQual,50,0.1,0.01
1e-4,1.1,40,0.01,0.05,B,458,TrialObsQual,50,0.1,0.01
0.001,1.1,40,0.01,0.05,B,459,TrialObsQual,50,0.1,0.01
1e-5,0.3,5,0.1,0.05,B,460,TrialObsQual,50,0.1,0.01
1e-4,0.3,5,0.1,0.05,B,461,TrialObsQual,50,0.1,0.01
0.001,0.3,5,0.1,0.05,B,462,TrialObsQual,50,0.1,0.01
1e-5,0.8,5,0.1,0.05,B,463,TrialObsQual,50,0.1,0.01
1e-4,0.8,5,0.1,0.05,B,464,TrialObsQual,50,0.1,0.01
0.001,0.8,5,0.1,0.05,B,465,TrialObsQual,50,0.1,0.01
1e-5,1.1,5,0.1,0.05,B,466,TrialObsQual,50,0.1,0.01
1e-4,1.1,5,0.1,0.05,B,467,TrialObsQual,50,0.1,0.01
0.001,1.1,5,0.1,0.05,B,468,TrialObsQual,50,0.1,0.01
1e-5,0.3,20,0.1,0.05,B,469,TrialObsQual,50,0.1,0.01
1e-4,0.3,20,0.1,0.05,B,470,TrialObsQual,50,0.1,0.01
0.001,0.3,20,0.1,0.05,B,471,TrialObsQual,50,0.1,0.01
1e-5,0.8,20,0.1,0.05,B,472,TrialObsQual,50,0.1,0.01
1e-4,0.8,20,0.1,0.05,B,473,TrialObsQual,50,0.1,0.01
0.001,0.8,20,0.1,0.05,B,474,TrialObsQual,50,0.1,0.01
1e-5,1.1,20,0.1,0.05,B,475,TrialObsQual,50,0.1,0.01
1e-4,1.1,20,0.1,0.05,B,476,TrialObsQual,50,0.1,0.01
0.001,1.1,20,0.1,0.05,B,477,TrialObsQual,50,0.1,0.01
1e-5,0.3,40,0.1,0.05,B,478,TrialObsQual,50,0.1,0.01
1e-4,0.3,40,0.1,0.05,B,479,TrialObsQual,50,0.1,0.01
0.001,0.3,40,0.1,0.05,B,480,TrialObsQual,50,0.1,0.01
1e-5,0.8,40,0.1,0.05,B,481,TrialObsQual,50,0.1,0.01
1e-4,0.8,40,0.1,0.05,B,482,TrialObsQual,50,0.1,0.01
0.001,0.8,40,0.1,0.05,B,483,TrialObsQual,50,0.1,0.01
1e-5,1.1,40,0.1,0.05,B,484,TrialObsQual,50,0.1,0.01
1e-4,1.1,40,0.1,0.05,B,485,TrialObsQual,50,0.1,0.01
0.001,1.1,40,0.1,0.05,B,486,TrialObsQual,50,0.1,0.01
1e-5,0.3,5,0.001,0.1,B,487,TrialObsQual,50,0.1,0.01
1e-4,0.3,5,0.001,0.1,B,488,TrialObsQual,50,0.1,0.01
0.001,0.3,5,0.001,0.1,B,489,TrialObsQual,50,0.1,0.01
1e-5,0.8,5,0.001,0.1,B,490,TrialObsQual,50,0.1,0.01
1e-4,0.8,5,0.001,0.1,B,491,TrialObsQual,50,0.1,0.01
0.001,0.8,5,0.001,0.1,B,492,TrialObsQual,50,0.1,0.01
1e-5,1.1,5,0.001,0.1,B,493,TrialObsQual,50,0.1,0.01
1e-4,1.1,5,0.001,0.1,B,494,TrialObsQual,50,0.1,0.01
0.001,1.1,5,0.001,0.1,B,495,TrialObsQual,50,0.1,0.01
1e-5,0.3,20,0.001,0.1,B,496,TrialObsQual,50,0.1,0.01
1e-4,0.3,20,0.001,0.1,B,497,TrialObsQual,50,0.1,0.01
0.001,0.3,20,0.001,0.1,B,498,TrialObsQual,50,0.1,0.01
1e-5,0.8,20,0.001,0.1,B,499,TrialObsQual,50,0.1,0.01
1e-4,0.8,20,0.001,0.1,B,500,TrialObsQual,50,0.1,0.01
0.001,0.8,20,0.001,0.1,B,501,TrialObsQual,50,0.1,0.01
1e-5,1.1,20,0.001,0.1,B,502,TrialObsQual,50,0.1,0.01
1e-4,1.1,20,0.001,0.1,B,503,TrialObsQual,50,0.1,0.01
0.001,1.1,20,0.001,0.1,B,504,TrialObsQual,50,0.1,0.01
1e-5,0.3,40,0.001,0.1,B,505,TrialObsQual,50,0.1,0.01
1e-4,0.3,40,0.001,0.1,B,506,TrialObsQual,50,0.1,0.01
0.001,0.3,40,0.001,0.1,B,507,TrialObsQual,50,0.1,0.01
1e-5,0.8,40,0.001,0.1,B,508,TrialObsQual,50,0.1,0.01
1e-4,0.8,40,0.001,0.1,B,509,TrialObsQual,50,0.1,0.01
0.001,0.8,40,0.001,0.1,B,510,TrialObsQual,50,0.1,0.01
1e-5,1.1,40,0.001,0.1,B,511,TrialObsQual,50,0.1,0.01
1e-4,1.1,40,0.001,0.1,B,512,TrialObsQual,50,0.1,0.01
0.001,1.1,40,0.001,0.1,B,513,TrialObsQual,50,0.1,0.01
1e-5,0.3,5,0.01,0.1,B,514,TrialObsQual,50,0.1,0.01
1e-4,0.3,5,0.01,0.1,B,515,TrialObsQual,50,0.1,0.01
0.001,0.3,5,0.01,0.1,B,516,TrialObsQual,50,0.1,0.01
1e-5,0.8,5,0.01,0.1,B,517,TrialObsQual,50,0.1,0.01
1e-4,0.8,5,0.01,0.1,B,518,TrialObsQual,50,0.1,0.01
0.001,0.8,5,0.01,0.1,B,519,TrialObsQual,50,0.1,0.01
1e-5,1.1,5,0.01,0.1,B,520,TrialObsQual,50,0.1,0.01
1e-4,1.1,5,0.01,0.1,B,521,TrialObsQual,50,0.1,0.01
0.001,1.1,5,0.01,0.1,B,522,TrialObsQual,50,0.1,0.01
1e-5,0.3,20,0.01,0.1,B,523,TrialObsQual,50,0.1,0.01
1e-4,0.3,20,0.01,0.1,B,524,TrialObsQual,50,0.1,0.01
0.001,0.3,20,0.01,0.1,B,525,TrialObsQual,50,0.1,0.01
1e-5,0.8,20,0.01,0.1,B,526,TrialObsQual,50,0.1,0.01
1e-4,0.8,20,0.01,0.1,B,527,TrialObsQual,50,0.1,0.01
0.001,0.8,20,0.01,0.1,B,528,TrialObsQual,50,0.1,0.01
1e-5,1.1,20,0.01,0.1,B,529,TrialObsQual,50,0.1,0.01
1e-4,1.1,20,0.01,0.1,B,530,TrialObsQual,50,0.1,0.01
0.001,1.1,20,0.01,0.1,B,531,TrialObsQual,50,0.1,0.01
1e-5,0.3,40,0.01,0.1,B,532,TrialObsQual,50,0.1,0.01
1e-4,0.3,40,0.01,0.1,B,533,TrialObsQual,50,0.1,0.01
0.001,0.3,40,0.01,0.1,B,534,TrialObsQual,50,0.1,0.01
1e-5,0.8,40,0.01,0.1,B,535,TrialObsQual,50,0.1,0.01
1e-4,0.8,40,0.01,0.1,B,536,TrialObsQual,50,0.1,0.01
0.001,0.8,40,0.01,0.1,B,537,TrialObsQual,50,0.1,0.01
1e-5,1.1,40,0.01,0.1,B,538,TrialObsQual,50,0.1,0.01
1e-4,1.1,40,0.01,0.1,B,539,TrialObsQual,50,0.1,0.01
0.001,1.1,40,0.01,0.1,B,540,TrialObsQual,50,0.1,0.01
1e-5,0.3,5,0.1,0.1,B,541,TrialObsQual,50,0.1,0.01
1e-4,0.3,5,0.1,0.1,B,542,TrialObsQual,50,0.1,0.01
0.001,0.3,5,0.1,0.1,B,543,TrialObsQual,50,0.1,0.01
1e-5,0.8,5,0.1,0.1,B,544,TrialObsQual,50,0.1,0.01
1e-4,0.8,5,0.1,0.1,B,545,TrialObsQual,50,0.1,0.01
0.001,0.8,5,0.1,0.1,B,546,TrialObsQual,50,0.1,0.01
1e-5,1.1,5,0.1,0.1,B,547,TrialObsQual,50,0.1,0.01
1e-4,1.1,5,0.1,0.1,B,548,TrialObsQual,50,0.1,0.01
0.001,1.1,5,0.1,0.1,B,549,TrialObsQual,50,0.1,0.01
1e-5,0.3,20,0.1,0.1,B,550,TrialObsQual,50,0.1,0.01
1e-4,0.3,20,0.1,0.1,B,551,TrialObsQual,50,0.1,0.01
0.001,0.3,20,0.1,0.1,B,552,TrialObsQual,50,0.1,0.01
1e-5,0.8,20,0.1,0.1,B,553,TrialObsQual,50,0.1,0.01
1e-4,0.8,20,0.1,0.1,B,554,TrialObsQual,50,0.1,0.01
0.001,0.8,20,0.1,0.1,B,555,TrialObsQual,50,0.1,0.01
1e-5,1.1,20,0.1,0.1,B,556,TrialObsQual,50,0.1,0.01
1e-4,1.1,20,0.1,0.1,B,557,TrialObsQual,50,0.1,0.01
0.001,1.1,20,0.1,0.1,B,558,TrialObsQual,50,0.1,0.01
1e-5,0.3,40,0.1,0.1,B,559,TrialObsQual,50,0.1,0.01
1e-4,0.3,40,0.1,0.1,B,560,TrialObsQual,50,0.1,0.01
0.001,0.3,40,0.1,0.1,B,561,TrialObsQual,50,0.1,0.01
1e-5,0.8,40,0.1,0.1,B,562,TrialObsQual,50,0.1,0.01
1e-4,0.8,40,0.1,0.1,B,563,TrialObsQual,50,0.1,0.01
0.001,0.8,40,0.1,0.1,B,564,TrialObsQual,50,0.1,0.01
1e-5,1.1,40,0.1,0.1,B,565,TrialObsQual,50,0.1,0.01
1e-4,1.1,40,0.1,0.1,B,566,TrialObsQual,50,0.1,0.01
0.001,1.1,40,0.1,0.1,B,567,TrialObsQual,50,0.1,0.01
1e-5,0.3,5,0.001,0.2,B,568,TrialObsQual,50,0.1,0.01
1e-4,0.3,5,0.001,0.2,B,569,TrialObsQual,50,0.1,0.01
0.001,0.3,5,0.001,0.2,B,570,TrialObsQual,50,0.1,0.01
1e-5,0.8,5,0.001,0.2,B,571,TrialObsQual,50,0.1,0.01
1e-4,0.8,5,0.001,0.2,B,572,TrialObsQual,50,0.1,0.01
0.001,0.8,5,0.001,0.2,B,573,TrialObsQual,50,0.1,0.01
1e-5,1.1,5,0.001,0.2,B,574,TrialObsQual,50,0.1,0.01
1e-4,1.1,5,0.001,0.2,B,575,TrialObsQual,50,0.1,0.01
0.001,1.1,5,0.001,0.2,B,576,TrialObsQual,50,0.1,0.01
1e-5,0.3,20,0.001,0.2,B,577,TrialObsQual,50,0.1,0.01
1e-4,0.3,20,0.001,0.2,B,578,TrialObsQual,50,0.1,0.01
0.001,0.3,20,0.001,0.2,B,579,TrialObsQual,50,0.1,0.01
1e-5,0.8,20,0.001,0.2,B,580,TrialObsQual,50,0.1,0.01
1e-4,0.8,20,0.001,0.2,B,581,TrialObsQual,50,0.1,0.01
0.001,0.8,20,0.001,0.2,B,582,TrialObsQual,50,0.1,0.01
1e-5,1.1,20,0.001,0.2,B,583,TrialObsQual,50,0.1,0.01
1e-4,1.1,20,0.001,0.2,B,584,TrialObsQual,50,0.1,0.01
0.001,1.1,20,0.001,0.2,B,585,TrialObsQual,50,0.1,0.01
1e-5,0.3,40,0.001,0.2,B,586,TrialObsQual,50,0.1,0.01
1e-4,0.3,40,0.001,0.2,B,587,TrialObsQual,50,0.1,0.01
0.001,0.3,40,0.001,0.2,B,588,TrialObsQual,50,0.1,0.01
1e-5,0.8,40,0.001,0.2,B,589,TrialObsQual,50,0.1,0.01
1e-4,0.8,40,0.001,0.2,B,590,TrialObsQual,50,0.1,0.01
0.001,0.8,40,0.001,0.2,B,591,TrialObsQual,50,0.1,0.01
1e-5,1.1,40,0.001,0.2,B,592,TrialObsQual,50,0.1,0.01
1e-4,1.1,40,0.001,0.2,B,593,TrialObsQual,50,0.1,0.01
0.001,1.1,40,0.001,0.2,B,594,TrialObsQual,50,0.1,0.01
1e-5,0.3,5,0.01,0.2,B,595,TrialObsQual,50,0.1,0.01
1e-4,0.3,5,0.01,0.2,B,596,TrialObsQual,50,0.1,0.01
0.001,0.3,5,0.01,0.2,B,597,TrialObsQual,50,0.1,0.01
1e-5,0.8,5,0.01,0.2,B,598,TrialObsQual,50,0.1,0.01
1e-4,0.8,5,0.01,0.2,B,599,TrialObsQual,50,0.1,0.01
0.001,0.8,5,0.01,0.2,B,600,TrialObsQual,50,0.1,0.01
1e-5,1.1,5,0.01,0.2,B,601,TrialObsQual,50,0.1,0.01
1e-4,1.1,5,0.01,0.2,B,602,TrialObsQual,50,0.1,0.01
0.001,1.1,5,0.01,0.2,B,603,TrialObsQual,50,0.1,0.01
1e-5,0.3,20,0.01,0.2,B,604,TrialObsQual,50,0.1,0.01
1e-4,0.3,20,0.01,0.2,B,605,TrialObsQual,50,0.1,0.01
0.001,0.3,20,0.01,0.2,B,606,TrialObsQual,50,0.1,0.01
1e-5,0.8,20,0.01,0.2,B,607,TrialObsQual,50,0.1,0.01
1e-4,0.8,20,0.01,0.2,B,608,TrialObsQual,50,0.1,0.01
0.001,0.8,20,0.01,0.2,B,609,TrialObsQual,50,0.1,0.01
1e-5,1.1,20,0.01,0.2,B,610,TrialObsQual,50,0.1,0.01
1e-4,1.1,20,0.01,0.2,B,611,TrialObsQual,50,0.1,0.01
0.001,1.1,20,0.01,0.2,B,612,TrialObsQual,50,0.1,0.01
1e-5,0.3,40,0.01,0.2,B,613,TrialObsQual,50,0.1,0.01
1e-4,0.3,40,0.01,0.2,B,614,TrialObsQual,50,0.1,0.01
0.001,0.3,40,0.01,0.2,B,615,TrialObsQual,50,0.1,0.01
1e-5,0.8,40,0.01,0.2,B,616,TrialObsQual,50,0.1,0.01
1e-4,0.8,40,0.01,0.2,B,617,TrialObsQual,50,0.1,0.01
0.001,0.8,40,0.01,0.2,B,618,TrialObsQual,50,0.1,0.01
1e-5,1.1,40,0.01,0.2,B,619,TrialObsQual,50,0.1,0.01
1e-4,1.1,40,0.01,0.2,B,620,TrialObsQual,50,0.1,0.01
0.001,1.1,40,0.01,0.2,B,621,TrialObsQual,50,0.1,0.01
1e-5,0.3,5,0.1,0.2,B,622,TrialObsQual,50,0.1,0.01
1e-4,0.3,5,0.1,0.2,B,623,TrialObsQual,50,0.1,0.01
0.001,0.3,5,0.1,0.2,B,624,TrialObsQual,50,0.1,0.01
1e-5,0.8,5,0.1,0.2,B,625,TrialObsQual,50,0.1,0.01
1e-4,0.8,5,0.1,0.2,B,626,TrialObsQual,50,0.1,0.01
0.001,0.8,5,0.1,0.2,B,627,TrialObsQual,50,0.1,0.01
1e-5,1.1,5,0.1,0.2,B,628,TrialObsQual,50,0.1,0.01
1e-4,1.1,5,0.1,0.2,B,629,TrialObsQual,50,0.1,0.01
0.001,1.1,5,0.1,0.2,B,630,TrialObsQual,50,0.1,0.01
1e-5,0.3,20,0.1,0.2,B,631,TrialObsQual,50,0.1,0.01
1e-4,0.3,20,0.1,0.2,B,632,TrialObsQual,50,0.1,0.01
0.001,0.3,20,0.1,0.2,B,633,TrialObsQual,50,0.1,0.01
1e-5,0.8,20,0.1,0.2,B,634,TrialObsQual,50,0.1,0.01
1e-4,0.8,20,0.1,0.2,B,635,TrialObsQual,50,0.1,0.01
0.001,0.8,20,0.1,0.2,B,636,TrialObsQual,50,0.1,0.01
1e-5,1.1,20,0.1,0.2,B,637,TrialObsQual,50,0.1,0.01
1e-4,1.1,20,0.1,0.2,B,638,TrialObsQual,50,0.1,0.01
0.001,1.1,20,0.1,0.2,B,639,TrialObsQual,50,0.1,0.01
1e-5,0.3,40,0.1,0.2,B,640,TrialObsQual,50,0.1,0.01
1e-4,0.3,40,0.1,0.2,B,641,TrialObsQual,50,0.1,0.01
0.001,0.3,40,0.1,0.2,B,642,TrialObsQual,50,0.1,0.01
1e-5,0.8,40,0.1,0.2,B,643,TrialObsQual,50,0.1,0.01
1e-4,0.8,40,0.1,0.2,B,644,TrialObsQual,50,0.1,0.01
0.001,0.8,40,0.1,0.2,B,645,TrialObsQual,50,0.1,0.01
1e-5,1.1,40,0.1,0.2,B,646,TrialObsQual,50,0.1,0.01
1e-4,1.1,40,0.1,0.2,B,647,TrialObsQual,50,0.1,0.01
0.001,1.1,40,0.1,0.2,B,648,TrialObsQual,50,0.1,0.01
1e-5,0.3,5,0.001,0,C,649,TrialObsQual,50,0.1,0.01
1e-4,0.3,5,0.001,0,C,650,TrialObsQual,50,0.1,0.01
0.001,0.3,5,0.001,0,C,651,TrialObsQual,50,0.1,0.01
1e-5,0.8,5,0.001,0,C,652,TrialObsQual,50,0.1,0.01
1e-4,0.8,5,0.001,0,C,653,TrialObsQual,50,0.1,0.01
0.001,0.8,5,0.001,0,C,654,TrialObsQual,50,0.1,0.01
1e-5,1.1,5,0.001,0,C,655,TrialObsQual,50,0.1,0.01
1e-4,1.1,5,0.001,0,C,656,TrialObsQual,50,0.1,0.01
0.001,1.1,5,0.001,0,C,657,TrialObsQual,50,0.1,0.01
1e-5,0.3,20,0.001,0,C,658,TrialObsQual,50,0.1,0.01
1e-4,0.3,20,0.001,0,C,659,TrialObsQual,50,0.1,0.01
0.001,0.3,20,0.001,0,C,660,TrialObsQual,50,0.1,0.01
1e-5,0.8,20,0.001,0,C,661,TrialObsQual,50,0.1,0.01
1e-4,0.8,20,0.001,0,C,662,TrialObsQual,50,0.1,0.01
0.001,0.8,20,0.001,0,C,663,TrialObsQual,50,0.1,0.01
1e-5,1.1,20,0.001,0,C,664,TrialObsQual,50,0.1,0.01
1e-4,1.1,20,0.001,0,C,665,TrialObsQual,50,0.1,0.01
0.001,1.1,20,0.001,0,C,666,TrialObsQual,50,0.1,0.01
1e-5,0.3,40,0.001,0,C,667,TrialObsQual,50,0.1,0.01
1e-4,0.3,40,0.001,0,C,668,TrialObsQual,50,0.1,0.01
0.001,0.3,40,0.001,0,C,669,TrialObsQual,50,0.1,0.01
1e-5,0.8,40,0.001,0,C,670,TrialObsQual,50,0.1,0.01
1e-4,0.8,40,0.001,0,C,671,TrialObsQual,50,0.1,0.01
0.001,0.8,40,0.001,0,C,672,TrialObsQual,50,0.1,0.01
1e-5,1.1,40,0.001,0,C,673,TrialObsQual,50,0.1,0.01
1e-4,1.1,40,0.001,0,C,674,TrialObsQual,50,0.1,0.01
0.001,1.1,40,0.001,0,C,675,TrialObsQual,50,0.1,0.01
1e-5,0.3,5,0.01,0,C,676,TrialObsQual,50,0.1,0.01
1e-4,0.3,5,0.01,0,C,677,TrialObsQual,50,0.1,0.01
0.001,0.3,5,0.01,0,C,678,TrialObsQual,50,0.1,0.01
1e-5,0.8,5,0.01,0,C,679,TrialObsQual,50,0.1,0.01
1e-4,0.8,5,0.01,0,C,680,TrialObsQual,50,0.1,0.01
0.001,0.8,5,0.01,0,C,681,TrialObsQual,50,0.1,0.01
1e-5,1.1,5,0.01,0,C,682,TrialObsQual,50,0.1,0.01
1e-4,1.1,5,0.01,0,C,683,TrialObsQual,50,0.1,0.01
0.001,1.1,5,0.01,0,C,684,TrialObsQual,50,0.1,0.01
1e-5,0.3,20,0.01,0,C,685,TrialObsQual,50,0.1,0.01
1e-4,0.3,20,0.01,0,C,686,TrialObsQual,50,0.1,0.01
0.001,0.3,20,0.01,0,C,687,TrialObsQual,50,0.1,0.01
1e-5,0.8,20,0.01,0,C,688,TrialObsQual,50,0.1,0.01
1e-4,0.8,20,0.01,0,C,689,TrialObsQual,50,0.1,0.01
0.001,0.8,20,0.01,0,C,690,TrialObsQual,50,0.1,0.01
1e-5,1.1,20,0.01,0,C,691,TrialObsQual,50,0.1,0.01
1e-4,1.1,20,0.01,0,C,692,TrialObsQual,50,0.1,0.01
0.001,1.1,20,0.01,0,C,693,TrialObsQual,50,0.1,0.01
1e-5,0.3,40,0.01,0,C,694,TrialObsQual,50,0.1,0.01
1e-4,0.3,40,0.01,0,C,695,TrialObsQual,50,0.1,0.01
0.001,0.3,40,0.01,0,C,696,TrialObsQual,50,0.1,0.01
1e-5,0.8,40,0.01,0,C,697,TrialObsQual,50,0.1,0.01
1e-4,0.8,40,0.01,0,C,698,TrialObsQual,50,0.1,0.01
0.001,0.8,40,0.01,0,C,699,TrialObsQual,50,0.1,0.01
1e-5,1.1,40,0.01,0,C,700,TrialObsQual,50,0.1,0.01
1e-4,1.1,40,0.01,0,C,701,TrialObsQual,50,0.1,0.01
0.001,1.1,40,0.01,0,C,702,TrialObsQual,50,0.1,0.01
1e-5,0.3,5,0.1,0,C,703,TrialObsQual,50,0.1,0.01
1e-4,0.3,5,0.1,0,C,704,TrialObsQual,50,0.1,0.01
0.001,0.3,5,0.1,0,C,705,TrialObsQual,50,0.1,0.01
1e-5,0.8,5,0.1,0,C,706,TrialObsQual,50,0.1,0.01
1e-4,0.8,5,0.1,0,C,707,TrialObsQual,50,0.1,0.01
0.001,0.8,5,0.1,0,C,708,TrialObsQual,50,0.1,0.01
1e-5,1.1,5,0.1,0,C,709,TrialObsQual,50,0.1,0.01
1e-4,1.1,5,0.1,0,C,710,TrialObsQual,50,0.1,0.01
0.001,1.1,5,0.1,0,C,711,TrialObsQual,50,0.1,0.01
1e-5,0.3,20,0.1,0,C,712,TrialObsQual,50,0.1,0.01
1e-4,0.3,20,0.1,0,C,713,TrialObsQual,50,0.1,0.01
0.001,0.3,20,0.1,0,C,714,TrialObsQual,50,0.1,0.01
1e-5,0.8,20,0.1,0,C,715,TrialObsQual,50,0.1,0.01
1e-4,0.8,20,0.1,0,C,716,TrialObsQual,50,0.1,0.01
0.001,0.8,20,0.1,0,C,717,TrialObsQual,50,0.1,0.01
1e-5,1.1,20,0.1,0,C,718,TrialObsQual,50,0.1,0.01
1e-4,1.1,20,0.1,0,C,719,TrialObsQual,50,0.1,0.01
0.001,1.1,20,0.1,0,C,720,TrialObsQual,50,0.1,0.01
1e-5,0.3,40,0.1,0,C,721,TrialObsQual,50,0.1,0.01
1e-4,0.3,40,0.1,0,C,722,TrialObsQual,50,0.1,0.01
0.001,0.3,40,0.1,0,C,723,TrialObsQual,50,0.1,0.01
1e-5,0.8,40,0.1,0,C,724,TrialObsQual,50,0.1,0.01
1e-4,0.8,40,0.1,0,C,725,TrialObsQual,50,0.1,0.01
0.001,0.8,40,0.1,0,C,726,TrialObsQual,50,0.1,0.01
1e-5,1.1,40,0.1,0,C,727,TrialObsQual,50,0.1,0.01
1e-4,1.1,40,0.1,0,C,728,TrialObsQual,50,0.1,0.01
0.001,1.1,40,0.1,0,C,729,TrialObsQual,50,0.1,0.01
1e-5,0.3,5,0.001,0.05,C,730,TrialObsQual,50,0.1,0.01
1e-4,0.3,5,0.001,0.05,C,731,TrialObsQual,50,0.1,0.01
0.001,0.3,5,0.001,0.05,C,732,TrialObsQual,50,0.1,0.01
1e-5,0.8,5,0.001,0.05,C,733,TrialObsQual,50,0.1,0.01
1e-4,0.8,5,0.001,0.05,C,734,TrialObsQual,50,0.1,0.01
0.001,0.8,5,0.001,0.05,C,735,TrialObsQual,50,0.1,0.01
1e-5,1.1,5,0.001,0.05,C,736,TrialObsQual,50,0.1,0.01
1e-4,1.1,5,0.001,0.05,C,737,TrialObsQual,50,0.1,0.01
0.001,1.1,5,0.001,0.05,C,738,TrialObsQual,50,0.1,0.01
1e-5,0.3,20,0.001,0.05,C,739,TrialObsQual,50,0.1,0.01
1e-4,0.3,20,0.001,0.05,C,740,TrialObsQual,50,0.1,0.01
0.001,0.3,20,0.001,0.05,C,741,TrialObsQual,50,0.1,0.01
1e-5,0.8,20,0.001,0.05,C,742,TrialObsQual,50,0.1,0.01
1e-4,0.8,20,0.001,0.05,C,743,TrialObsQual,50,0.1,0.01
0.001,0.8,20,0.001,0.05,C,744,TrialObsQual,50,0.1,0.01
1e-5,1.1,20,0.001,0.05,C,745,TrialObsQual,50,0.1,0.01
1e-4,1.1,20,0.001,0.05,C,746,TrialObsQual,50,0.1,0.01
0.001,1.1,20,0.001,0.05,C,747,TrialObsQual,50,0.1,0.01
1e-5,0.3,40,0.001,0.05,C,748,TrialObsQual,50,0.1,0.01
1e-4,0.3,40,0.001,0.05,C,749,TrialObsQual,50,0.1,0.01
0.001,0.3,40,0.001,0.05,C,750,TrialObsQual,50,0.1,0.01
1e-5,0.8,40,0.001,0.05,C,751,TrialObsQual,50,0.1,0.01
1e-4,0.8,40,0.001,0.05,C,752,TrialObsQual,50,0.1,0.01
0.001,0.8,40,0.001,0.05,C,753,TrialObsQual,50,0.1,0.01
1e-5,1.1,40,0.001,0.05,C,754,TrialObsQual,50,0.1,0.01
1e-4,1.1,40,0.001,0.05,C,755,TrialObsQual,50,0.1,0.01
0.001,1.1,40,0.001,0.05,C,756,TrialObsQual,50,0.1,0.01
1e-5,0.3,5,0.01,0.05,C,757,TrialObsQual,50,0.1,0.01
1e-4,0.3,5,0.01,0.05,C,758,TrialObsQual,50,0.1,0.01
0.001,0.3,5,0.01,0.05,C,759,TrialObsQual,50,0.1,0.01
1e-5,0.8,5,0.01,0.05,C,760,TrialObsQual,50,0.1,0.01
1e-4,0.8,5,0.01,0.05,C,761,TrialObsQual,50,0.1,0.01
0.001,0.8,5,0.01,0.05,C,762,TrialObsQual,50,0.1,0.01
1e-5,1.1,5,0.01,0.05,C,763,TrialObsQual,50,0.1,0.01
1e-4,1.1,5,0.01,0.05,C,764,TrialObsQual,50,0.1,0.01
0.001,1.1,5,0.01,0.05,C,765,TrialObsQual,50,0.1,0.01
1e-5,0.3,20,0.01,0.05,C,766,TrialObsQual,50,0.1,0.01
1e-4,0.3,20,0.01,0.05,C,767,TrialObsQual,50,0.1,0.01
0.001,0.3,20,0.01,0.05,C,768,TrialObsQual,50,0.1,0.01
1e-5,0.8,20,0.01,0.05,C,769,TrialObsQual,50,0.1,0.01
1e-4,0.8,20,0.01,0.05,C,770,TrialObsQual,50,0.1,0.01
0.001,0.8,20,0.01,0.05,C,771,TrialObsQual,50,0.1,0.01
1e-5,1.1,20,0.01,0.05,C,772,TrialObsQual,50,0.1,0.01
1e-4,1.1,20,0.01,0.05,C,773,TrialObsQual,50,0.1,0.01
0.001,1.1,20,0.01,0.05,C,774,TrialObsQual,50,0.1,0.01
1e-5,0.3,40,0.01,0.05,C,775,TrialObsQual,50,0.1,0.01
1e-4,0.3,40,0.01,0.05,C,776,TrialObsQual,50,0.1,0.01
0.001,0.3,40,0.01,0.05,C,777,TrialObsQual,50,0.1,0.01
1e-5,0.8,40,0.01,0.05,C,778,TrialObsQual,50,0.1,0.01
1e-4,0.8,40,0.01,0.05,C,779,TrialObsQual,50,0.1,0.01
0.001,0.8,40,0.01,0.05,C,780,TrialObsQual,50,0.1,0.01
1e-5,1.1,40,0.01,0.05,C,781,TrialObsQual,50,0.1,0.01
1e-4,1.1,40,0.01,0.05,C,782,TrialObsQual,50,0.1,0.01
0.001,1.1,40,0.01,0.05,C,783,TrialObsQual,50,0.1,0.01
1e-5,0.3,5,0.1,0.05,C,784,TrialObsQual,50,0.1,0.01
1e-4,0.3,5,0.1,0.05,C,785,TrialObsQual,50,0.1,0.01
0.001,0.3,5,0.1,0.05,C,786,TrialObsQual,50,0.1,0.01
1e-5,0.8,5,0.1,0.05,C,787,TrialObsQual,50,0.1,0.01
1e-4,0.8,5,0.1,0.05,C,788,TrialObsQual,50,0.1,0.01
0.001,0.8,5,0.1,0.05,C,789,TrialObsQual,50,0.1,0.01
1e-5,1.1,5,0.1,0.05,C,790,TrialObsQual,50,0.1,0.01
1e-4,1.1,5,0.1,0.05,C,791,TrialObsQual,50,0.1,0.01
0.001,1.1,5,0.1,0.05,C,792,TrialObsQual,50,0.1,0.01
1e-5,0.3,20,0.1,0.05,C,793,TrialObsQual,50,0.1,0.01
1e-4,0.3,20,0.1,0.05,C,794,TrialObsQual,50,0.1,0.01
0.001,0.3,20,0.1,0.05,C,795,TrialObsQual,50,0.1,0.01
1e-5,0.8,20,0.1,0.05,C,796,TrialObsQual,50,0.1,0.01
1e-4,0.8,20,0.1,0.05,C,797,TrialObsQual,50,0.1,0.01
0.001,0.8,20,0.1,0.05,C,798,TrialObsQual,50,0.1,0.01
1e-5,1.1,20,0.1,0.05,C,799,TrialObsQual,50,0.1,0.01
1e-4,1.1,20,0.1,0.05,C,800,TrialObsQual,50,0.1,0.01
0.001,1.1,20,0.1,0.05,C,801,TrialObsQual,50,0.1,0.01
1e-5,0.3,40,0.1,0.05,C,802,TrialObsQual,50,0.1,0.01
1e-4,0.3,40,0.1,0.05,C,803,TrialObsQual,50,0.1,0.01
0.001,0.3,40,0.1,0.05,C,804,TrialObsQual,50,0.1,0.01
1e-5,0.8,40,0.1,0.05,C,805,TrialObsQual,50,0.1,0.01
1e-4,0.8,40,0.1,0.05,C,806,TrialObsQual,50,0.1,0.01
0.001,0.8,40,0.1,0.05,C,807,TrialObsQual,50,0.1,0.01
1e-5,1.1,40,0.1,0.05,C,808,TrialObsQual,50,0.1,0.01
1e-4,1.1,40,0.1,0.05,C,809,TrialObsQual,50,0.1,0.01
0.001,1.1,40,0.1,0.05,C,810,TrialObsQual,50,0.1,0.01
1e-5,0.3,5,0.001,0.1,C,811,TrialObsQual,50,0.1,0.01
1e-4,0.3,5,0.001,0.1,C,812,TrialObsQual,50,0.1,0.01
0.001,0.3,5,0.001,0.1,C,813,TrialObsQual,50,0.1,0.01
1e-5,0.8,5,0.001,0.1,C,814,TrialObsQual,50,0.1,0.01
1e-4,0.8,5,0.001,0.1,C,815,TrialObsQual,50,0.1,0.01
0.001,0.8,5,0.001,0.1,C,816,TrialObsQual,50,0.1,0.01
1e-5,1.1,5,0.001,0.1,C,817,TrialObsQual,50,0.1,0.01
1e-4,1.1,5,0.001,0.1,C,818,TrialObsQual,50,0.1,0.01
0.001,1.1,5,0.001,0.1,C,819,TrialObsQual,50,0.1,0.01
1e-5,0.3,20,0.001,0.1,C,820,TrialObsQual,50,0.1,0.01
1e-4,0.3,20,0.001,0.1,C,821,TrialObsQual,50,0.1,0.01
0.001,0.3,20,0.001,0.1,C,822,TrialObsQual,50,0.1,0.01
1e-5,0.8,20,0.001,0.1,C,823,TrialObsQual,50,0.1,0.01
1e-4,0.8,20,0.001,0.1,C,824,TrialObsQual,50,0.1,0.01
0.001,0.8,20,0.001,0.1,C,825,TrialObsQual,50,0.1,0.01
1e-5,1.1,20,0.001,0.1,C,826,TrialObsQual,50,0.1,0.01
1e-4,1.1,20,0.001,0.1,C,827,TrialObsQual,50,0.1,0.01
0.001,1.1,20,0.001,0.1,C,828,TrialObsQual,50,0.1,0.01
1e-5,0.3,40,0.001,0.1,C,829,TrialObsQual,50,0.1,0.01
1e-4,0.3,40,0.001,0.1,C,830,TrialObsQual,50,0.1,0.01
0.001,0.3,40,0.001,0.1,C,831,TrialObsQual,50,0.1,0.01
1e-5,0.8,40,0.001,0.1,C,832,TrialObsQual,50,0.1,0.01
1e-4,0.8,40,0.001,0.1,C,833,TrialObsQual,50,0.1,0.01
0.001,0.8,40,0.001,0.1,C,834,TrialObsQual,50,0.1,0.01
1e-5,1.1,40,0.001,0.1,C,835,TrialObsQual,50,0.1,0.01
1e-4,1.1,40,0.001,0.1,C,836,TrialObsQual,50,0.1,0.01
0.001,1.1,40,0.001,0.1,C,837,TrialObsQual,50,0.1,0.01
1e-5,0.3,5,0.01,0.1,C,838,TrialObsQual,50,0.1,0.01
1e-4,0.3,5,0.01,0.1,C,839,TrialObsQual,50,0.1,0.01
0.001,0.3,5,0.01,0.1,C,840,TrialObsQual,50,0.1,0.01
1e-5,0.8,5,0.01,0.1,C,841,TrialObsQual,50,0.1,0.01
1e-4,0.8,5,0.01,0.1,C,842,TrialObsQual,50,0.1,0.01
0.001,0.8,5,0.01,0.1,C,843,TrialObsQual,50,0.1,0.01
1e-5,1.1,5,0.01,0.1,C,844,TrialObsQual,50,0.1,0.01
1e-4,1.1,5,0.01,0.1,C,845,TrialObsQual,50,0.1,0.01
0.001,1.1,5,0.01,0.1,C,846,TrialObsQual,50,0.1,0.01
1e-5,0.3,20,0.01,0.1,C,847,TrialObsQual,50,0.1,0.01
1e-4,0.3,20,0.01,0.1,C,848,TrialObsQual,50,0.1,0.01
0.001,0.3,20,0.01,0.1,C,849,TrialObsQual,50,0.1,0.01
1e-5,0.8,20,0.01,0.1,C,850,TrialObsQual,50,0.1,0.01
1e-4,0.8,20,0.01,0.1,C,851,TrialObsQual,50,0.1,0.01
0.001,0.8,20,0.01,0.1,C,852,TrialObsQual,50,0.1,0.01
1e-5,1.1,20,0.01,0.1,C,853,TrialObsQual,50,0.1,0.01
1e-4,1.1,20,0.01,0.1,C,854,TrialObsQual,50,0.1,0.01
0.001,1.1,20,0.01,0.1,C,855,TrialObsQual,50,0.1,0.01
1e-5,0.3,40,0.01,0.1,C,856,TrialObsQual,50,0.1,0.01
1e-4,0.3,40,0.01,0.1,C,857,TrialObsQual,50,0.1,0.01
0.001,0.3,40,0.01,0.1,C,858,TrialObsQual,50,0.1,0.01
1e-5,0.8,40,0.01,0.1,C,859,TrialObsQual,50,0.1,0.01
1e-4,0.8,40,0.01,0.1,C,860,TrialObsQual,50,0.1,0.01
0.001,0.8,40,0.01,0.1,C,861,TrialObsQual,50,0.1,0.01
1e-5,1.1,40,0.01,0.1,C,862,TrialObsQual,50,0.1,0.01
1e-4,1.1,40,0.01,0.1,C,863,TrialObsQual,50,0.1,0.01
0.001,1.1,40,0.01,0.1,C,864,TrialObsQual,50,0.1,0.01
1e-5,0.3,5,0.1,0.1,C,865,TrialObsQual,50,0.1,0.01
1e-4,0.3,5,0.1,0.1,C,866,TrialObsQual,50,0.1,0.01
0.001,0.3,5,0.1,0.1,C,867,TrialObsQual,50,0.1,0.01
1e-5,0.8,5,0.1,0.1,C,868,TrialObsQual,50,0.1,0.01
1e-4,0.8,5,0.1,0.1,C,869,TrialObsQual,50,0.1,0.01
0.001,0.8,5,0.1,0.1,C,870,TrialObsQual,50,0.1,0.01
1e-5,1.1,5,0.1,0.1,C,871,TrialObsQual,50,0.1,0.01
1e-4,1.1,5,0.1,0.1,C,872,TrialObsQual,50,0.1,0.01
0.001,1.1,5,0.1,0.1,C,873,TrialObsQual,50,0.1,0.01
1e-5,0.3,20,0.1,0.1,C,874,TrialObsQual,50,0.1,0.01
1e-4,0.3,20,0.1,0.1,C,875,TrialObsQual,50,0.1,0.01
0.001,0.3,20,0.1,0.1,C,876,TrialObsQual,50,0.1,0.01
1e-5,0.8,20,0.1,0.1,C,877,TrialObsQual,50,0.1,0.01
1e-4,0.8,20,0.1,0.1,C,878,TrialObsQual,50,0.1,0.01
0.001,0.8,20,0.1,0.1,C,879,TrialObsQual,50,0.1,0.01
1e-5,1.1,20,0.1,0.1,C,880,TrialObsQual,50,0.1,0.01
1e-4,1.1,20,0.1,0.1,C,881,TrialObsQual,50,0.1,0.01
0.001,1.1,20,0.1,0.1,C,882,TrialObsQual,50,0.1,0.01
1e-5,0.3,40,0.1,0.1,C,883,TrialObsQual,50,0.1,0.01
1e-4,0.3,40,0.1,0.1,C,884,TrialObsQual,50,0.1,0.01
0.001,0.3,40,0.1,0.1,C,885,TrialObsQual,50,0.1,0.01
1e-5,0.8,40,0.1,0.1,C,886,TrialObsQual,50,0.1,0.01
1e-4,0.8,40,0.1,0.1,C,887,TrialObsQual,50,0.1,0.01
0.001,0.8,40,0.1,0.1,C,888,TrialObsQual,50,0.1,0.01
1e-5,1.1,40,0.1,0.1,C,889,TrialObsQual,50,0.1,0.01
1e-4,1.1,40,0.1,0.1,C,890,TrialObsQual,50,0.1,0.01
0.001,1.1,40,0.1,0.1,C,891,TrialObsQual,50,0.1,0.01
1e-5,0.3,5,0.001,0.2,C,892,TrialObsQual,50,0.1,0.01
1e-4,0.3,5,0.001,0.2,C,893,TrialObsQual,50,0.1,0.01
0.001,0.3,5,0.001,0.2,C,894,TrialObsQual,50,0.1,0.01
1e-5,0.8,5,0.001,0.2,C,895,TrialObsQual,50,0.1,0.01
1e-4,0.8,5,0.001,0.2,C,896,TrialObsQual,50,0.1,0.01
0.001,0.8,5,0.001,0.2,C,897,TrialObsQual,50,0.1,0.01
1e-5,1.1,5,0.001,0.2,C,898,TrialObsQual,50,0.1,0.01
1e-4,1.1,5,0.001,0.2,C,899,TrialObsQual,50,0.1,0.01
0.001,1.1,5,0.001,0.2,C,900,TrialObsQual,50,0.1,0.01
1e-5,0.3,20,0.001,0.2,C,901,TrialObsQual,50,0.1,0.01
1e-4,0.3,20,0.001,0.2,C,902,TrialObsQual,50,0.1,0.01
0.001,0.3,20,0.001,0.2,C,903,TrialObsQual,50,0.1,0.01
1e-5,0.8,20,0.001,0.2,C,904,TrialObsQual,50,0.1,0.01
1e-4,0.8,20,0.001,0.2,C,905,TrialObsQual,50,0.1,0.01
0.001,0.8,20,0.001,0.2,C,906,TrialObsQual,50,0.1,0.01
1e-5,1.1,20,0.001,0.2,C,907,TrialObsQual,50,0.1,0.01
1e-4,1.1,20,0.001,0.2,C,908,TrialObsQual,50,0.1,0.01
0.001,1.1,20,0.001,0.2,C,909,TrialObsQual,50,0.1,0.01
1e-5,0.3,40,0.001,0.2,C,910,TrialObsQual,50,0.1,0.01
1e-4,0.3,40,0.001,0.2,C,911,TrialObsQual,50,0.1,0.01
0.001,0.3,40,0.001,0.2,C,912,TrialObsQual,50,0.1,0.01
1e-5,0.8,40,0.001,0.2,C,913,TrialObsQual,50,0.1,0.01
1e-4,0.8,40,0.001,0.2,C,914,TrialObsQual,50,0.1,0.01
0.001,0.8,40,0.001,0.2,C,915,TrialObsQual,50,0.1,0.01
1e-5,1.1,40,0.001,0.2,C,916,TrialObsQual,50,0.1,0.01
1e-4,1.1,40,0.001,0.2,C,917,TrialObsQual,50,0.1,0.01
0.001,1.1,40,0.001,0.2,C,918,TrialObsQual,50,0.1,0.01
1e-5,0.3,5,0.01,0.2,C,919,TrialObsQual,50,0.1,0.01
1e-4,0.3,5,0.01,0.2,C,920,TrialObsQual,50,0.1,0.01
0.001,0.3,5,0.01,0.2,C,921,TrialObsQual,50,0.1,0.01
1e-5,0.8,5,0.01,0.2,C,922,TrialObsQual,50,0.1,0.01
1e-4,0.8,5,0.01,0.2,C,923,TrialObsQual,50,0.1,0.01
0.001,0.8,5,0.01,0.2,C,924,TrialObsQual,50,0.1,0.01
1e-5,1.1,5,0.01,0.2,C,925,TrialObsQual,50,0.1,0.01
1e-4,1.1,5,0.01,0.2,C,926,TrialObsQual,50,0.1,0.01
0.001,1.1,5,0.01,0.2,C,927,TrialObsQual,50,0.1,0.01
1e-5,0.3,20,0.01,0.2,C,928,TrialObsQual,50,0.1,0.01
1e-4,0.3,20,0.01,0.2,C,929,TrialObsQual,50,0.1,0.01
0.001,0.3,20,0.01,0.2,C,930,TrialObsQual,50,0.1,0.01
1e-5,0.8,20,0.01,0.2,C,931,TrialObsQual,50,0.1,0.01
1e-4,0.8,20,0.01,0.2,C,932,TrialObsQual,50,0.1,0.01
0.001,0.8,20,0.01,0.2,C,933,TrialObsQual,50,0.1,0.01
1e-5,1.1,20,0.01,0.2,C,934,TrialObsQual,50,0.1,0.01
1e-4,1.1,20,0.01,0.2,C,935,TrialObsQual,50,0.1,0.01
0.001,1.1,20,0.01,0.2,C,936,TrialObsQual,50,0.1,0.01
1e-5,0.3,40,0.01,0.2,C,937,TrialObsQual,50,0.1,0.01
1e-4,0.3,40,0.01,0.2,C,938,TrialObsQual,50,0.1,0.01
0.001,0.3,40,0.01,0.2,C,939,TrialObsQual,50,0.1,0.01
1e-5,0.8,40,0.01,0.2,C,940,TrialObsQual,50,0.1,0.01
1e-4,0.8,40,0.01,0.2,C,941,TrialObsQual,50,0.1,0.01
0.001,0.8,40,0.01,0.2,C,942,TrialObsQual,50,0.1,0.01
1e-5,1.1,40,0.01,0.2,C,943,TrialObsQual,50,0.1,0.01
1e-4,1.1,40,0.01,0.2,C,944,TrialObsQual,50,0.1,0.01
0.001,1.1,40,0.01,0.2,C,945,TrialObsQual,50,0.1,0.01
1e-5,0.3,5,0.1,0.2,C,946,TrialObsQual,50,0.1,0.01
1e-4,0.3,5,0.1,0.2,C,947,TrialObsQual,50,0.1,0.01
0.001,0.3,5,0.1,0.2,C,948,TrialObsQual,50,0.1,0.01
1e-5,0.8,5,0.1,0.2,C,949,TrialObsQual,50,0.1,0.01
1e-4,0.8,5,0.1,0.2,C,950,TrialObsQual,50,0.1,0.01
0.001,0.8,5,0.1,0.2,C,951,TrialObsQual,50,0.1,0.01
1e-5,1.1,5,0.1,0.2,C,952,TrialObsQual,50,0.1,0.01
1e-4,1.1,5,0.1,0.2,C,953,TrialObsQual,50,0.1,0.01
0.001,1.1,5,0.1,0.2,C,954,TrialObsQual,50,0.1,0.01
1e-5,0.3,20,0.1,0.2,C,955,TrialObsQual,50,0.1,0.01
1e-4,0.3,20,0.1,0.2,C,956,TrialObsQual,50,0.1,0.01
0.001,0.3,20,0.1,0.2,C,957,TrialObsQual,50,0.1,0.01
1e-5,0.8,20,0.1,0.2,C,958,TrialObsQual,50,0.1,0.01
1e-4,0.8,20,0.1,0.2,C,959,TrialObsQual,50,0.1,0.01
0.001,0.8,20,0.1,0.2,C,960,TrialObsQual,50,0.1,0.01
1e-5,1.1,20,0.1,0.2,C,961,TrialObsQual,50,0.1,0.01
1e-4,1.1,20,0.1,0.2,C,962,TrialObsQual,50,0.1,0.01
0.001,1.1,20,0.1,0.2,C,963,TrialObsQual,50,0.1,0.01
1e-5,0.3,40,0.1,0.2,C,964,TrialObsQual,50,0.1,0.01
1e-4,0.3,40,0.1,0.2,C,965,TrialObsQual,50,0.1,0.01
0.001,0.3,40,0.1,0.2,C,966,TrialObsQual,50,0.1,0.01
1e-5,0.8,40,0.1,0.2,C,967,TrialObsQual,50,0.1,0.01
1e-4,0.8,40,0.1,0.2,C,968,TrialObsQual,50,0.1,0.01
0.001,0.8,40,0.1,0.2,C,969,TrialObsQual,50,0.1,0.01
1e-5,1.1,40,0.1,0.2,C,970,TrialObsQual,50,0.1,0.01
1e-4,1.1,40,0.1,0.2,C,971,TrialObsQual,50,0.1,0.01
0.001,1.1,40,0.1,0.2,C,972,TrialObsQual,50,0.1,0.01
1e-5,0.3,5,0.001,0,D,973,TrialObsQual,50,0.1,0.01
1e-4,0.3,5,0.001,0,D,974,TrialObsQual,50,0.1,0.01
0.001,0.3,5,0.001,0,D,975,TrialObsQual,50,0.1,0.01
1e-5,0.8,5,0.001,0,D,976,TrialObsQual,50,0.1,0.01
1e-4,0.8,5,0.001,0,D,977,TrialObsQual,50,0.1,0.01
0.001,0.8,5,0.001,0,D,978,TrialObsQual,50,0.1,0.01
1e-5,1.1,5,0.001,0,D,979,TrialObsQual,50,0.1,0.01
1e-4,1.1,5,0.001,0,D,980,TrialObsQual,50,0.1,0.01
0.001,1.1,5,0.001,0,D,981,TrialObsQual,50,0.1,0.01
1e-5,0.3,20,0.001,0,D,982,TrialObsQual,50,0.1,0.01
1e-4,0.3,20,0.001,0,D,983,TrialObsQual,50,0.1,0.01
0.001,0.3,20,0.001,0,D,984,TrialObsQual,50,0.1,0.01
1e-5,0.8,20,0.001,0,D,985,TrialObsQual,50,0.1,0.01
1e-4,0.8,20,0.001,0,D,986,TrialObsQual,50,0.1,0.01
0.001,0.8,20,0.001,0,D,987,TrialObsQual,50,0.1,0.01
1e-5,1.1,20,0.001,0,D,988,TrialObsQual,50,0.1,0.01
1e-4,1.1,20,0.001,0,D,989,TrialObsQual,50,0.1,0.01
0.001,1.1,20,0.001,0,D,990,TrialObsQual,50,0.1,0.01
1e-5,0.3,40,0.001,0,D,991,TrialObsQual,50,0.1,0.01
1e-4,0.3,40,0.001,0,D,992,TrialObsQual,50,0.1,0.01
0.001,0.3,40,0.001,0,D,993,TrialObsQual,50,0.1,0.01
1e-5,0.8,40,0.001,0,D,994,TrialObsQual,50,0.1,0.01
1e-4,0.8,40,0.001,0,D,995,TrialObsQual,50,0.1,0.01
0.001,0.8,40,0.001,0,D,996,TrialObsQual,50,0.1,0.01
1e-5,1.1,40,0.001,0,D,997,TrialObsQual,50,0.1,0.01
1e-4,1.1,40,0.001,0,D,998,TrialObsQual,50,0.1,0.01
0.001,1.1,40,0.001,0,D,999,TrialObsQual,50,0.1,0.01
1e-5,0.3,5,0.01,0,D,1000,TrialObsQual,50,0.1,0.01
1e-4,0.3,5,0.01,0,D,1001,TrialObsQual,50,0.1,0.01
0.001,0.3,5,0.01,0,D,1002,TrialObsQual,50,0.1,0.01
1e-5,0.8,5,0.01,0,D,1003,TrialObsQual,50,0.1,0.01
1e-4,0.8,5,0.01,0,D,1004,TrialObsQual,50,0.1,0.01
0.001,0.8,5,0.01,0,D,1005,TrialObsQual,50,0.1,0.01
1e-5,1.1,5,0.01,0,D,1006,TrialObsQual,50,0.1,0.01
1e-4,1.1,5,0.01,0,D,1007,TrialObsQual,50,0.1,0.01
0.001,1.1,5,0.01,0,D,1008,TrialObsQual,50,0.1,0.01
1e-5,0.3,20,0.01,0,D,1009,TrialObsQual,50,0.1,0.01
1e-4,0.3,20,0.01,0,D,1010,TrialObsQual,50,0.1,0.01
0.001,0.3,20,0.01,0,D,1011,TrialObsQual,50,0.1,0.01
1e-5,0.8,20,0.01,0,D,1012,TrialObsQual,50,0.1,0.01
1e-4,0.8,20,0.01,0,D,1013,TrialObsQual,50,0.1,0.01
0.001,0.8,20,0.01,0,D,1014,TrialObsQual,50,0.1,0.01
1e-5,1.1,20,0.01,0,D,1015,TrialObsQual,50,0.1,0.01
1e-4,1.1,20,0.01,0,D,1016,TrialObsQual,50,0.1,0.01
0.001,1.1,20,0.01,0,D,1017,TrialObsQual,50,0.1,0.01
1e-5,0.3,40,0.01,0,D,1018,TrialObsQual,50,0.1,0.01
1e-4,0.3,40,0.01,0,D,1019,TrialObsQual,50,0.1,0.01
0.001,0.3,40,0.01,0,D,1020,TrialObsQual,50,0.1,0.01
1e-5,0.8,40,0.01,0,D,1021,TrialObsQual,50,0.1,0.01
1e-4,0.8,40,0.01,0,D,1022,TrialObsQual,50,0.1,0.01
0.001,0.8,40,0.01,0,D,1023,TrialObsQual,50,0.1,0.01
1e-5,1.1,40,0.01,0,D,1024,TrialObsQual,50,0.1,0.01
1e-4,1.1,40,0.01,0,D,1025,TrialObsQual,50,0.1,0.01
0.001,1.1,40,0.01,0,D,1026,TrialObsQual,50,0.1,0.01
1e-5,0.3,5,0.1,0,D,1027,TrialObsQual,50,0.1,0.01
1e-4,0.3,5,0.1,0,D,1028,TrialObsQual,50,0.1,0.01
0.001,0.3,5,0.1,0,D,1029,TrialObsQual,50,0.1,0.01
1e-5,0.8,5,0.1,0,D,1030,TrialObsQual,50,0.1,0.01
1e-4,0.8,5,0.1,0,D,1031,TrialObsQual,50,0.1,0.01
0.001,0.8,5,0.1,0,D,1032,TrialObsQual,50,0.1,0.01
1e-5,1.1,5,0.1,0,D,1033,TrialObsQual,50,0.1,0.01
1e-4,1.1,5,0.1,0,D,1034,TrialObsQual,50,0.1,0.01
0.001,1.1,5,0.1,0,D,1035,TrialObsQual,50,0.1,0.01
1e-5,0.3,20,0.1,0,D,1036,TrialObsQual,50,0.1,0.01
1e-4,0.3,20,0.1,0,D,1037,TrialObsQual,50,0.1,0.01
0.001,0.3,20,0.1,0,D,1038,TrialObsQual,50,0.1,0.01
1e-5,0.8,20,0.1,0,D,1039,TrialObsQual,50,0.1,0.01
1e-4,0.8,20,0.1,0,D,1040,TrialObsQual,50,0.1,0.01
0.001,0.8,20,0.1,0,D,1041,TrialObsQual,50,0.1,0.01
1e-5,1.1,20,0.1,0,D,1042,TrialObsQual,50,0.1,0.01
1e-4,1.1,20,0.1,0,D,1043,TrialObsQual,50,0.1,0.01
0.001,1.1,20,0.1,0,D,1044,TrialObsQual,50,0.1,0.01
1e-5,0.3,40,0.1,0,D,1045,TrialObsQual,50,0.1,0.01
1e-4,0.3,40,0.1,0,D,1046,TrialObsQual,50,0.1,0.01
0.001,0.3,40,0.1,0,D,1047,TrialObsQual,50,0.1,0.01
1e-5,0.8,40,0.1,0,D,1048,TrialObsQual,50,0.1,0.01
1e-4,0.8,40,0.1,0,D,1049,TrialObsQual,50,0.1,0.01
0.001,0.8,40,0.1,0,D,1050,TrialObsQual,50,0.1,0.01
1e-5,1.1,40,0.1,0,D,1051,TrialObsQual,50,0.1,0.01
1e-4,1.1,40,0.1,0,D,1052,TrialObsQual,50,0.1,0.01
0.001,1.1,40,0.1,0,D,1053,TrialObsQual,50,0.1,0.01
1e-5,0.3,5,0.001,0.05,D,1054,TrialObsQual,50,0.1,0.01
1e-4,0.3,5,0.001,0.05,D,1055,TrialObsQual,50,0.1,0.01
0.001,0.3,5,0.001,0.05,D,1056,TrialObsQual,50,0.1,0.01
1e-5,0.8,5,0.001,0.05,D,1057,TrialObsQual,50,0.1,0.01
1e-4,0.8,5,0.001,0.05,D,1058,TrialObsQual,50,0.1,0.01
0.001,0.8,5,0.001,0.05,D,1059,TrialObsQual,50,0.1,0.01
1e-5,1.1,5,0.001,0.05,D,1060,TrialObsQual,50,0.1,0.01
1e-4,1.1,5,0.001,0.05,D,1061,TrialObsQual,50,0.1,0.01
0.001,1.1,5,0.001,0.05,D,1062,TrialObsQual,50,0.1,0.01
1e-5,0.3,20,0.001,0.05,D,1063,TrialObsQual,50,0.1,0.01
1e-4,0.3,20,0.001,0.05,D,1064,TrialObsQual,50,0.1,0.01
0.001,0.3,20,0.001,0.05,D,1065,TrialObsQual,50,0.1,0.01
1e-5,0.8,20,0.001,0.05,D,1066,TrialObsQual,50,0.1,0.01
1e-4,0.8,20,0.001,0.05,D,1067,TrialObsQual,50,0.1,0.01
0.001,0.8,20,0.001,0.05,D,1068,TrialObsQual,50,0.1,0.01
1e-5,1.1,20,0.001,0.05,D,1069,TrialObsQual,50,0.1,0.01
1e-4,1.1,20,0.001,0.05,D,1070,TrialObsQual,50,0.1,0.01
0.001,1.1,20,0.001,0.05,D,1071,TrialObsQual,50,0.1,0.01
1e-5,0.3,40,0.001,0.05,D,1072,TrialObsQual,50,0.1,0.01
1e-4,0.3,40,0.001,0.05,D,1073,TrialObsQual,50,0.1,0.01
0.001,0.3,40,0.001,0.05,D,1074,TrialObsQual,50,0.1,0.01
1e-5,0.8,40,0.001,0.05,D,1075,TrialObsQual,50,0.1,0.01
1e-4,0.8,40,0.001,0.05,D,1076,TrialObsQual,50,0.1,0.01
0.001,0.8,40,0.001,0.05,D,1077,TrialObsQual,50,0.1,0.01
1e-5,1.1,40,0.001,0.05,D,1078,TrialObsQual,50,0.1,0.01
1e-4,1.1,40,0.001,0.05,D,1079,TrialObsQual,50,0.1,0.01
0.001,1.1,40,0.001,0.05,D,1080,TrialObsQual,50,0.1,0.01
1e-5,0.3,5,0.01,0.05,D,1081,TrialObsQual,50,0.1,0.01
1e-4,0.3,5,0.01,0.05,D,1082,TrialObsQual,50,0.1,0.01
0.001,0.3,5,0.01,0.05,D,1083,TrialObsQual,50,0.1,0.01
1e-5,0.8,5,0.01,0.05,D,1084,TrialObsQual,50,0.1,0.01
1e-4,0.8,5,0.01,0.05,D,1085,TrialObsQual,50,0.1,0.01
0.001,0.8,5,0.01,0.05,D,1086,TrialObsQual,50,0.1,0.01
1e-5,1.1,5,0.01,0.05,D,1087,TrialObsQual,50,0.1,0.01
1e-4,1.1,5,0.01,0.05,D,1088,TrialObsQual,50,0.1,0.01
0.001,1.1,5,0.01,0.05,D,1089,TrialObsQual,50,0.1,0.01
1e-5,0.3,20,0.01,0.05,D,1090,TrialObsQual,50,0.1,0.01
1e-4,0.3,20,0.01,0.05,D,1091,TrialObsQual,50,0.1,0.01
0.001,0.3,20,0.01,0.05,D,1092,TrialObsQual,50,0.1,0.01
1e-5,0.8,20,0.01,0.05,D,1093,TrialObsQual,50,0.1,0.01
1e-4,0.8,20,0.01,0.05,D,1094,TrialObsQual,50,0.1,0.01
0.001,0.8,20,0.01,0.05,D,1095,TrialObsQual,50,0.1,0.01
1e-5,1.1,20,0.01,0.05,D,1096,TrialObsQual,50,0.1,0.01
1e-4,1.1,20,0.01,0.05,D,1097,TrialObsQual,50,0.1,0.01
0.001,1.1,20,0.01,0.05,D,1098,TrialObsQual,50,0.1,0.01
1e-5,0.3,40,0.01,0.05,D,1099,TrialObsQual,50,0.1,0.01
1e-4,0.3,40,0.01,0.05,D,1100,TrialObsQual,50,0.1,0.01
0.001,0.3,40,0.01,0.05,D,1101,TrialObsQual,50,0.1,0.01
1e-5,0.8,40,0.01,0.05,D,1102,TrialObsQual,50,0.1,0.01
1e-4,0.8,40,0.01,0.05,D,1103,TrialObsQual,50,0.1,0.01
0.001,0.8,40,0.01,0.05,D,1104,TrialObsQual,50,0.1,0.01
1e-5,1.1,40,0.01,0.05,D,1105,TrialObsQual,50,0.1,0.01
1e-4,1.1,40,0.01,0.05,D,1106,TrialObsQual,50,0.1,0.01
0.001,1.1,40,0.01,0.05,D,1107,TrialObsQual,50,0.1,0.01
1e-5,0.3,5,0.1,0.05,D,1108,TrialObsQual,50,0.1,0.01
1e-4,0.3,5,0.1,0.05,D,1109,TrialObsQual,50,0.1,0.01
0.001,0.3,5,0.1,0.05,D,1110,TrialObsQual,50,0.1,0.01
1e-5,0.8,5,0.1,0.05,D,1111,TrialObsQual,50,0.1,0.01
1e-4,0.8,5,0.1,0.05,D,1112,TrialObsQual,50,0.1,0.01
0.001,0.8,5,0.1,0.05,D,1113,TrialObsQual,50,0.1,0.01
1e-5,1.1,5,0.1,0.05,D,1114,TrialObsQual,50,0.1,0.01
1e-4,1.1,5,0.1,0.05,D,1115,TrialObsQual,50,0.1,0.01
0.001,1.1,5,0.1,0.05,D,1116,TrialObsQual,50,0.1,0.01
1e-5,0.3,20,0.1,0.05,D,1117,TrialObsQual,50,0.1,0.01
1e-4,0.3,20,0.1,0.05,D,1118,TrialObsQual,50,0.1,0.01
0.001,0.3,20,0.1,0.05,D,1119,TrialObsQual,50,0.1,0.01
1e-5,0.8,20,0.1,0.05,D,1120,TrialObsQual,50,0.1,0.01
1e-4,0.8,20,0.1,0.05,D,1121,TrialObsQual,50,0.1,0.01
0.001,0.8,20,0.1,0.05,D,1122,TrialObsQual,50,0.1,0.01
1e-5,1.1,20,0.1,0.05,D,1123,TrialObsQual,50,0.1,0.01
1e-4,1.1,20,0.1,0.05,D,1124,TrialObsQual,50,0.1,0.01
0.001,1.1,20,0.1,0.05,D,1125,TrialObsQual,50,0.1,0.01
1e-5,0.3,40,0.1,0.05,D,1126,TrialObsQual,50,0.1,0.01
1e-4,0.3,40,0.1,0.05,D,1127,TrialObsQual,50,0.1,0.01
0.001,0.3,40,0.1,0.05,D,1128,TrialObsQual,50,0.1,0.01
1e-5,0.8,40,0.1,0.05,D,1129,TrialObsQual,50,0.1,0.01
1e-4,0.8,40,0.1,0.05,D,1130,TrialObsQual,50,0.1,0.01
0.001,0.8,40,0.1,0.05,D,1131,TrialObsQual,50,0.1,0.01
1e-5,1.1,40,0.1,0.05,D,1132,TrialObsQual,50,0.1,0.01
1e-4,1.1,40,0.1,0.05,D,1133,TrialObsQual,50,0.1,0.01
0.001,1.1,40,0.1,0.05,D,1134,TrialObsQual,50,0.1,0.01
1e-5,0.3,5,0.001,0.1,D,1135,TrialObsQual,50,0.1,0.01
1e-4,0.3,5,0.001,0.1,D,1136,TrialObsQual,50,0.1,0.01
0.001,0.3,5,0.001,0.1,D,1137,TrialObsQual,50,0.1,0.01
1e-5,0.8,5,0.001,0.1,D,1138,TrialObsQual,50,0.1,0.01
1e-4,0.8,5,0.001,0.1,D,1139,TrialObsQual,50,0.1,0.01
0.001,0.8,5,0.001,0.1,D,1140,TrialObsQual,50,0.1,0.01
1e-5,1.1,5,0.001,0.1,D,1141,TrialObsQual,50,0.1,0.01
1e-4,1.1,5,0.001,0.1,D,1142,TrialObsQual,50,0.1,0.01
0.001,1.1,5,0.001,0.1,D,1143,TrialObsQual,50,0.1,0.01
1e-5,0.3,20,0.001,0.1,D,1144,TrialObsQual,50,0.1,0.01
1e-4,0.3,20,0.001,0.1,D,1145,TrialObsQual,50,0.1,0.01
0.001,0.3,20,0.001,0.1,D,1146,TrialObsQual,50,0.1,0.01
1e-5,0.8,20,0.001,0.1,D,1147,TrialObsQual,50,0.1,0.01
1e-4,0.8,20,0.001,0.1,D,1148,TrialObsQual,50,0.1,0.01
0.001,0.8,20,0.001,0.1,D,1149,TrialObsQual,50,0.1,0.01
1e-5,1.1,20,0.001,0.1,D,1150,TrialObsQual,50,0.1,0.01
1e-4,1.1,20,0.001,0.1,D,1151,TrialObsQual,50,0.1,0.01
0.001,1.1,20,0.001,0.1,D,1152,TrialObsQual,50,0.1,0.01
1e-5,0.3,40,0.001,0.1,D,1153,TrialObsQual,50,0.1,0.01
1e-4,0.3,40,0.001,0.1,D,1154,TrialObsQual,50,0.1,0.01
0.001,0.3,40,0.001,0.1,D,1155,TrialObsQual,50,0.1,0.01
1e-5,0.8,40,0.001,0.1,D,1156,TrialObsQual,50,0.1,0.01
1e-4,0.8,40,0.001,0.1,D,1157,TrialObsQual,50,0.1,0.01
0.001,0.8,40,0.001,0.1,D,1158,TrialObsQual,50,0.1,0.01
1e-5,1.1,40,0.001,0.1,D,1159,TrialObsQual,50,0.1,0.01
1e-4,1.1,40,0.001,0.1,D,1160,TrialObsQual,50,0.1,0.01
0.001,1.1,40,0.001,0.1,D,1161,TrialObsQual,50,0.1,0.01
1e-5,0.3,5,0.01,0.1,D,1162,TrialObsQual,50,0.1,0.01
1e-4,0.3,5,0.01,0.1,D,1163,TrialObsQual,50,0.1,0.01
0.001,0.3,5,0.01,0.1,D,1164,TrialObsQual,50,0.1,0.01
1e-5,0.8,5,0.01,0.1,D,1165,TrialObsQual,50,0.1,0.01
1e-4,0.8,5,0.01,0.1,D,1166,TrialObsQual,50,0.1,0.01
0.001,0.8,5,0.01,0.1,D,1167,TrialObsQual,50,0.1,0.01
1e-5,1.1,5,0.01,0.1,D,1168,TrialObsQual,50,0.1,0.01
1e-4,1.1,5,0.01,0.1,D,1169,TrialObsQual,50,0.1,0.01
0.001,1.1,5,0.01,0.1,D,1170,TrialObsQual,50,0.1,0.01
1e-5,0.3,20,0.01,0.1,D,1171,TrialObsQual,50,0.1,0.01
1e-4,0.3,20,0.01,0.1,D,1172,TrialObsQual,50,0.1,0.01
0.001,0.3,20,0.01,0.1,D,1173,TrialObsQual,50,0.1,0.01
1e-5,0.8,20,0.01,0.1,D,1174,TrialObsQual,50,0.1,0.01
1e-4,0.8,20,0.01,0.1,D,1175,TrialObsQual,50,0.1,0.01
0.001,0.8,20,0.01,0.1,D,1176,TrialObsQual,50,0.1,0.01
1e-5,1.1,20,0.01,0.1,D,1177,TrialObsQual,50,0.1,0.01
1e-4,1.1,20,0.01,0.1,D,1178,TrialObsQual,50,0.1,0.01
0.001,1.1,20,0.01,0.1,D,1179,TrialObsQual,50,0.1,0.01
1e-5,0.3,40,0.01,0.1,D,1180,TrialObsQual,50,0.1,0.01
1e-4,0.3,40,0.01,0.1,D,1181,TrialObsQual,50,0.1,0.01
0.001,0.3,40,0.01,0.1,D,1182,TrialObsQual,50,0.1,0.01
1e-5,0.8,40,0.01,0.1,D,1183,TrialObsQual,50,0.1,0.01
1e-4,0.8,40,0.01,0.1,D,1184,TrialObsQual,50,0.1,0.01
0.001,0.8,40,0.01,0.1,D,1185,TrialObsQual,50,0.1,0.01
1e-5,1.1,40,0.01,0.1,D,1186,TrialObsQual,50,0.1,0.01
1e-4,1.1,40,0.01,0.1,D,1187,TrialObsQual,50,0.1,0.01
0.001,1.1,40,0.01,0.1,D,1188,TrialObsQual,50,0.1,0.01
1e-5,0.3,5,0.1,0.1,D,1189,TrialObsQual,50,0.1,0.01
1e-4,0.3,5,0.1,0.1,D,1190,TrialObsQual,50,0.1,0.01
0.001,0.3,5,0.1,0.1,D,1191,TrialObsQual,50,0.1,0.01
1e-5,0.8,5,0.1,0.1,D,1192,TrialObsQual,50,0.1,0.01
1e-4,0.8,5,0.1,0.1,D,1193,TrialObsQual,50,0.1,0.01
0.001,0.8,5,0.1,0.1,D,1194,TrialObsQual,50,0.1,0.01
1e-5,1.1,5,0.1,0.1,D,1195,TrialObsQual,50,0.1,0.01
1e-4,1.1,5,0.1,0.1,D,1196,TrialObsQual,50,0.1,0.01
0.001,1.1,5,0.1,0.1,D,1197,TrialObsQual,50,0.1,0.01
1e-5,0.3,20,0.1,0.1,D,1198,TrialObsQual,50,0.1,0.01
1e-4,0.3,20,0.1,0.1,D,1199,TrialObsQual,50,0.1,0.01
0.001,0.3,20,0.1,0.1,D,1200,TrialObsQual,50,0.1,0.01
1e-5,0.8,20,0.1,0.1,D,1201,TrialObsQual,50,0.1,0.01
1e-4,0.8,20,0.1,0.1,D,1202,TrialObsQual,50,0.1,0.01
0.001,0.8,20,0.1,0.1,D,1203,TrialObsQual,50,0.1,0.01
1e-5,1.1,20,0.1,0.1,D,1204,TrialObsQual,50,0.1,0.01
1e-4,1.1,20,0.1,0.1,D,1205,TrialObsQual,50,0.1,0.01
0.001,1.1,20,0.1,0.1,D,1206,TrialObsQual,50,0.1,0.01
1e-5,0.3,40,0.1,0.1,D,1207,TrialObsQual,50,0.1,0.01
1e-4,0.3,40,0.1,0.1,D,1208,TrialObsQual,50,0.1,0.01
0.001,0.3,40,0.1,0.1,D,1209,TrialObsQual,50,0.1,0.01
1e-5,0.8,40,0.1,0.1,D,1210,TrialObsQual,50,0.1,0.01
1e-4,0.8,40,0.1,0.1,D,1211,TrialObsQual,50,0.1,0.01
0.001,0.8,40,0.1,0.1,D,1212,TrialObsQual,50,0.1,0.01
1e-5,1.1,40,0.1,0.1,D,1213,TrialObsQual,50,0.1,0.01
1e-4,1.1,40,0.1,0.1,D,1214,TrialObsQual,50,0.1,0.01
0.001,1.1,40,0.1,0.1,D,1215,TrialObsQual,50,0.1,0.01
1e-5,0.3,5,0.001,0.2,D,1216,TrialObsQual,50,0.1,0.01
1e-4,0.3,5,0.001,0.2,D,1217,TrialObsQual,50,0.1,0.01
0.001,0.3,5,0.001,0.2,D,1218,TrialObsQual,50,0.1,0.01
1e-5,0.8,5,0.001,0.2,D,1219,TrialObsQual,50,0.1,0.01
1e-4,0.8,5,0.001,0.2,D,1220,TrialObsQual,50,0.1,0.01
0.001,0.8,5,0.001,0.2,D,1221,TrialObsQual,50,0.1,0.01
1e-5,1.1,5,0.001,0.2,D,1222,TrialObsQual,50,0.1,0.01
1e-4,1.1,5,0.001,0.2,D,1223,TrialObsQual,50,0.1,0.01
0.001,1.1,5,0.001,0.2,D,1224,TrialObsQual,50,0.1,0.01
1e-5,0.3,20,0.001,0.2,D,1225,TrialObsQual,50,0.1,0.01
1e-4,0.3,20,0.001,0.2,D,1226,TrialObsQual,50,0.1,0.01
0.001,0.3,20,0.001,0.2,D,1227,TrialObsQual,50,0.1,0.01
1e-5,0.8,20,0.001,0.2,D,1228,TrialObsQual,50,0.1,0.01
1e-4,0.8,20,0.001,0.2,D,1229,TrialObsQual,50,0.1,0.01
0.001,0.8,20,0.001,0.2,D,1230,TrialObsQual,50,0.1,0.01
1e-5,1.1,20,0.001,0.2,D,1231,TrialObsQual,50,0.1,0.01
1e-4,1.1,20,0.001,0.2,D,1232,TrialObsQual,50,0.1,0.01
0.001,1.1,20,0.001,0.2,D,1233,TrialObsQual,50,0.1,0.01
1e-5,0.3,40,0.001,0.2,D,1234,TrialObsQual,50,0.1,0.01
1e-4,0.3,40,0.001,0.2,D,1235,TrialObsQual,50,0.1,0.01
0.001,0.3,40,0.001,0.2,D,1236,TrialObsQual,50,0.1,0.01
1e-5,0.8,40,0.001,0.2,D,1237,TrialObsQual,50,0.1,0.01
1e-4,0.8,40,0.001,0.2,D,1238,TrialObsQual,50,0.1,0.01
0.001,0.8,40,0.001,0.2,D,1239,TrialObsQual,50,0.1,0.01
1e-5,1.1,40,0.001,0.2,D,1240,TrialObsQual,50,0.1,0.01
1e-4,1.1,40,0.001,0.2,D,1241,TrialObsQual,50,0.1,0.01
0.001,1.1,40,0.001,0.2,D,1242,TrialObsQual,50,0.1,0.01
1e-5,0.3,5,0.01,0.2,D,1243,TrialObsQual,50,0.1,0.01
1e-4,0.3,5,0.01,0.2,D,1244,TrialObsQual,50,0.1,0.01
0.001,0.3,5,0.01,0.2,D,1245,TrialObsQual,50,0.1,0.01
1e-5,0.8,5,0.01,0.2,D,1246,TrialObsQual,50,0.1,0.01
1e-4,0.8,5,0.01,0.2,D,1247,TrialObsQual,50,0.1,0.01
0.001,0.8,5,0.01,0.2,D,1248,TrialObsQual,50,0.1,0.01
1e-5,1.1,5,0.01,0.2,D,1249,TrialObsQual,50,0.1,0.01
1e-4,1.1,5,0.01,0.2,D,1250,TrialObsQual,50,0.1,0.01
0.001,1.1,5,0.01,0.2,D,1251,TrialObsQual,50,0.1,0.01
1e-5,0.3,20,0.01,0.2,D,1252,TrialObsQual,50,0.1,0.01
1e-4,0.3,20,0.01,0.2,D,1253,TrialObsQual,50,0.1,0.01
0.001,0.3,20,0.01,0.2,D,1254,TrialObsQual,50,0.1,0.01
1e-5,0.8,20,0.01,0.2,D,1255,TrialObsQual,50,0.1,0.01
1e-4,0.8,20,0.01,0.2,D,1256,TrialObsQual,50,0.1,0.01
0.001,0.8,20,0.01,0.2,D,1257,TrialObsQual,50,0.1,0.01
1e-5,1.1,20,0.01,0.2,D,1258,TrialObsQual,50,0.1,0.01
1e-4,1.1,20,0.01,0.2,D,1259,TrialObsQual,50,0.1,0.01
0.001,1.1,20,0.01,0.2,D,1260,TrialObsQual,50,0.1,0.01
1e-5,0.3,40,0.01,0.2,D,1261,TrialObsQual,50,0.1,0.01
1e-4,0.3,40,0.01,0.2,D,1262,TrialObsQual,50,0.1,0.01
0.001,0.3,40,0.01,0.2,D,1263,TrialObsQual,50,0.1,0.01
1e-5,0.8,40,0.01,0.2,D,1264,TrialObsQual,50,0.1,0.01
1e-4,0.8,40,0.01,0.2,D,1265,TrialObsQual,50,0.1,0.01
0.001,0.8,40,0.01,0.2,D,1266,TrialObsQual,50,0.1,0.01
1e-5,1.1,40,0.01,0.2,D,1267,TrialObsQual,50,0.1,0.01
1e-4,1.1,40,0.01,0.2,D,1268,TrialObsQual,50,0.1,0.01
0.001,1.1,40,0.01,0.2,D,1269,TrialObsQual,50,0.1,0.01
1e-5,0.3,5,0.1,0.2,D,1270,TrialObsQual,50,0.1,0.01
1e-4,0.3,5,0.1,0.2,D,1271,TrialObsQual,50,0.1,0.01
0.001,0.3,5,0.1,0.2,D,1272,TrialObsQual,50,0.1,0.01
1e-5,0.8,5,0.1,0.2,D,1273,TrialObsQual,50,0.1,0.01
1e-4,0.8,5,0.1,0.2,D,1274,TrialObsQual,50,0.1,0.01
0.001,0.8,5,0.1,0.2,D,1275,TrialObsQual,50,0.1,0.01
1e-5,1.1,5,0.1,0.2,D,1276,TrialObsQual,50,0.1,0.01
1e-4,1.1,5,0.1,0.2,D,1277,TrialObsQual,50,0.1,0.01
0.001,1.1,5,0.1,0.2,D,1278,TrialObsQual,50,0.1,0.01
1e-5,0.3,20,0.1,0.2,D,1279,TrialObsQual,50,0.1,0.01
1e-4,0.3,20,0.1,0.2,D,1280,TrialObsQual,50,0.1,0.01
0.001,0.3,20,0.1,0.2,D,1281,TrialObsQual,50,0.1,0.01
1e-5,0.8,20,0.1,0.2,D,1282,TrialObsQual,50,0.1,0.01
1e-4,0.8,20,0.1,0.2,D,1283,TrialObsQual,50,0.1,0.01
0.001,0.8,20,0.1,0.2,D,1284,TrialObsQual,50,0.1,0.01
1e-5,1.1,20,0.1,0.2,D,1285,TrialObsQual,50,0.1,0.01
1e-4,1.1,20,0.1,0.2,D,1286,TrialObsQual,50,0.1,0.01
0.001,1.1,20,0.1,0.2,D,1287,TrialObsQual,50,0.1,0.01
1e-5,0.3,40,0.1,0.2,D,1288,TrialObsQual,50,0.1,0.01
1e-4,0.3,40,0.1,0.2,D,1289,TrialObsQual,50,0.1,0.01
0.001,0.3,40,0.1,0.2,D,1290,TrialObsQual,50,0.1,0.01
1e-5,0.8,40,0.1,0.2,D,1291,TrialObsQual,50,0.1,0.01
1e-4,0.8,40,0.1,0.2,D,1292,TrialObsQual,50,0.1,0.01
0.001,0.8,40,0.1,0.2,D,1293,TrialObsQual,50,0.1,0.01
1e-5,1.1,40,0.1,0.2,D,1294,TrialObsQual,50,0.1,0.01
1e-4,1.1,40,0.1,0.2,D,1295,TrialObsQual,50,0.1,0.01
0.001,1.1,40,0.1,0.2,D,1296,TrialObsQual,50,0.1,0.01
1e-5,0.3,5,0.001,0,E,1297,TrialObsQual,50,0.1,0.01
1e-4,0.3,5,0.001,0,E,1298,TrialObsQual,50,0.1,0.01
0.001,0.3,5,0.001,0,E,1299,TrialObsQual,50,0.1,0.01
1e-5,0.8,5,0.001,0,E,1300,TrialObsQual,50,0.1,0.01
1e-4,0.8,5,0.001,0,E,1301,TrialObsQual,50,0.1,0.01
0.001,0.8,5,0.001,0,E,1302,TrialObsQual,50,0.1,0.01
1e-5,1.1,5,0.001,0,E,1303,TrialObsQual,50,0.1,0.01
1e-4,1.1,5,0.001,0,E,1304,TrialObsQual,50,0.1,0.01
0.001,1.1,5,0.001,0,E,1305,TrialObsQual,50,0.1,0.01
1e-5,0.3,20,0.001,0,E,1306,TrialObsQual,50,0.1,0.01
1e-4,0.3,20,0.001,0,E,1307,TrialObsQual,50,0.1,0.01
0.001,0.3,20,0.001,0,E,1308,TrialObsQual,50,0.1,0.01
1e-5,0.8,20,0.001,0,E,1309,TrialObsQual,50,0.1,0.01
1e-4,0.8,20,0.001,0,E,1310,TrialObsQual,50,0.1,0.01
0.001,0.8,20,0.001,0,E,1311,TrialObsQual,50,0.1,0.01
1e-5,1.1,20,0.001,0,E,1312,TrialObsQual,50,0.1,0.01
1e-4,1.1,20,0.001,0,E,1313,TrialObsQual,50,0.1,0.01
0.001,1.1,20,0.001,0,E,1314,TrialObsQual,50,0.1,0.01
1e-5,0.3,40,0.001,0,E,1315,TrialObsQual,50,0.1,0.01
1e-4,0.3,40,0.001,0,E,1316,TrialObsQual,50,0.1,0.01
0.001,0.3,40,0.001,0,E,1317,TrialObsQual,50,0.1,0.01
1e-5,0.8,40,0.001,0,E,1318,TrialObsQual,50,0.1,0.01
1e-4,0.8,40,0.001,0,E,1319,TrialObsQual,50,0.1,0.01
0.001,0.8,40,0.001,0,E,1320,TrialObsQual,50,0.1,0.01
1e-5,1.1,40,0.001,0,E,1321,TrialObsQual,50,0.1,0.01
1e-4,1.1,40,0.001,0,E,1322,TrialObsQual,50,0.1,0.01
0.001,1.1,40,0.001,0,E,1323,TrialObsQual,50,0.1,0.01
1e-5,0.3,5,0.01,0,E,1324,TrialObsQual,50,0.1,0.01
1e-4,0.3,5,0.01,0,E,1325,TrialObsQual,50,0.1,0.01
0.001,0.3,5,0.01,0,E,1326,TrialObsQual,50,0.1,0.01
1e-5,0.8,5,0.01,0,E,1327,TrialObsQual,50,0.1,0.01
1e-4,0.8,5,0.01,0,E,1328,TrialObsQual,50,0.1,0.01
0.001,0.8,5,0.01,0,E,1329,TrialObsQual,50,0.1,0.01
1e-5,1.1,5,0.01,0,E,1330,TrialObsQual,50,0.1,0.01
1e-4,1.1,5,0.01,0,E,1331,TrialObsQual,50,0.1,0.01
0.001,1.1,5,0.01,0,E,1332,TrialObsQual,50,0.1,0.01
1e-5,0.3,20,0.01,0,E,1333,TrialObsQual,50,0.1,0.01
1e-4,0.3,20,0.01,0,E,1334,TrialObsQual,50,0.1,0.01
0.001,0.3,20,0.01,0,E,1335,TrialObsQual,50,0.1,0.01
1e-5,0.8,20,0.01,0,E,1336,TrialObsQual,50,0.1,0.01
1e-4,0.8,20,0.01,0,E,1337,TrialObsQual,50,0.1,0.01
0.001,0.8,20,0.01,0,E,1338,TrialObsQual,50,0.1,0.01
1e-5,1.1,20,0.01,0,E,1339,TrialObsQual,50,0.1,0.01
1e-4,1.1,20,0.01,0,E,1340,TrialObsQual,50,0.1,0.01
0.001,1.1,20,0.01,0,E,1341,TrialObsQual,50,0.1,0.01
1e-5,0.3,40,0.01,0,E,1342,TrialObsQual,50,0.1,0.01
1e-4,0.3,40,0.01,0,E,1343,TrialObsQual,50,0.1,0.01
0.001,0.3,40,0.01,0,E,1344,TrialObsQual,50,0.1,0.01
1e-5,0.8,40,0.01,0,E,1345,TrialObsQual,50,0.1,0.01
1e-4,0.8,40,0.01,0,E,1346,TrialObsQual,50,0.1,0.01
0.001,0.8,40,0.01,0,E,1347,TrialObsQual,50,0.1,0.01
1e-5,1.1,40,0.01,0,E,1348,TrialObsQual,50,0.1,0.01
1e-4,1.1,40,0.01,0,E,1349,TrialObsQual,50,0.1,0.01
0.001,1.1,40,0.01,0,E,1350,TrialObsQual,50,0.1,0.01
1e-5,0.3,5,0.1,0,E,1351,TrialObsQual,50,0.1,0.01
1e-4,0.3,5,0.1,0,E,1352,TrialObsQual,50,0.1,0.01
0.001,0.3,5,0.1,0,E,1353,TrialObsQual,50,0.1,0.01
1e-5,0.8,5,0.1,0,E,1354,TrialObsQual,50,0.1,0.01
1e-4,0.8,5,0.1,0,E,1355,TrialObsQual,50,0.1,0.01
0.001,0.8,5,0.1,0,E,1356,TrialObsQual,50,0.1,0.01
1e-5,1.1,5,0.1,0,E,1357,TrialObsQual,50,0.1,0.01
1e-4,1.1,5,0.1,0,E,1358,TrialObsQual,50,0.1,0.01
0.001,1.1,5,0.1,0,E,1359,TrialObsQual,50,0.1,0.01
1e-5,0.3,20,0.1,0,E,1360,TrialObsQual,50,0.1,0.01
1e-4,0.3,20,0.1,0,E,1361,TrialObsQual,50,0.1,0.01
0.001,0.3,20,0.1,0,E,1362,TrialObsQual,50,0.1,0.01
1e-5,0.8,20,0.1,0,E,1363,TrialObsQual,50,0.1,0.01
1e-4,0.8,20,0.1,0,E,1364,TrialObsQual,50,0.1,0.01
0.001,0.8,20,0.1,0,E,1365,TrialObsQual,50,0.1,0.01
1e-5,1.1,20,0.1,0,E,1366,TrialObsQual,50,0.1,0.01
1e-4,1.1,20,0.1,0,E,1367,TrialObsQual,50,0.1,0.01
0.001,1.1,20,0.1,0,E,1368,TrialObsQual,50,0.1,0.01
1e-5,0.3,40,0.1,0,E,1369,TrialObsQual,50,0.1,0.01
1e-4,0.3,40,0.1,0,E,1370,TrialObsQual,50,0.1,0.01
0.001,0.3,40,0.1,0,E,1371,TrialObsQual,50,0.1,0.01
1e-5,0.8,40,0.1,0,E,1372,TrialObsQual,50,0.1,0.01
1e-4,0.8,40,0.1,0,E,1373,TrialObsQual,50,0.1,0.01
0.001,0.8,40,0.1,0,E,1374,TrialObsQual,50,0.1,0.01
1e-5,1.1,40,0.1,0,E,1375,TrialObsQual,50,0.1,0.01
1e-4,1.1,40,0.1,0,E,1376,TrialObsQual,50,0.1,0.01
0.001,1.1,40,0.1,0,E,1377,TrialObsQual,50,0.1,0.01
1e-5,0.3,5,0.001,0.05,E,1378,TrialObsQual,50,0.1,0.01
1e-4,0.3,5,0.001,0.05,E,1379,TrialObsQual,50,0.1,0.01
0.001,0.3,5,0.001,0.05,E,1380,TrialObsQual,50,0.1,0.01
1e-5,0.8,5,0.001,0.05,E,1381,TrialObsQual,50,0.1,0.01
1e-4,0.8,5,0.001,0.05,E,1382,TrialObsQual,50,0.1,0.01
0.001,0.8,5,0.001,0.05,E,1383,TrialObsQual,50,0.1,0.01
1e-5,1.1,5,0.001,0.05,E,1384,TrialObsQual,50,0.1,0.01
1e-4,1.1,5,0.001,0.05,E,1385,TrialObsQual,50,0.1,0.01
0.001,1.1,5,0.001,0.05,E,1386,TrialObsQual,50,0.1,0.01
1e-5,0.3,20,0.001,0.05,E,1387,TrialObsQual,50,0.1,0.01
1e-4,0.3,20,0.001,0.05,E,1388,TrialObsQual,50,0.1,0.01
0.001,0.3,20,0.001,0.05,E,1389,TrialObsQual,50,0.1,0.01
1e-5,0.8,20,0.001,0.05,E,1390,TrialObsQual,50,0.1,0.01
1e-4,0.8,20,0.001,0.05,E,1391,TrialObsQual,50,0.1,0.01
0.001,0.8,20,0.001,0.05,E,1392,TrialObsQual,50,0.1,0.01
1e-5,1.1,20,0.001,0.05,E,1393,TrialObsQual,50,0.1,0.01
1e-4,1.1,20,0.001,0.05,E,1394,TrialObsQual,50,0.1,0.01
0.001,1.1,20,0.001,0.05,E,1395,TrialObsQual,50,0.1,0.01
1e-5,0.3,40,0.001,0.05,E,1396,TrialObsQual,50,0.1,0.01
1e-4,0.3,40,0.001,0.05,E,1397,TrialObsQual,50,0.1,0.01
0.001,0.3,40,0.001,0.05,E,1398,TrialObsQual,50,0.1,0.01
1e-5,0.8,40,0.001,0.05,E,1399,TrialObsQual,50,0.1,0.01
1e-4,0.8,40,0.001,0.05,E,1400,TrialObsQual,50,0.1,0.01
0.001,0.8,40,0.001,0.05,E,1401,TrialObsQual,50,0.1,0.01
1e-5,1.1,40,0.001,0.05,E,1402,TrialObsQual,50,0.1,0.01
1e-4,1.1,40,0.001,0.05,E,1403,TrialObsQual,50,0.1,0.01
0.001,1.1,40,0.001,0.05,E,1404,TrialObsQual,50,0.1,0.01
1e-5,0.3,5,0.01,0.05,E,1405,TrialObsQual,50,0.1,0.01
1e-4,0.3,5,0.01,0.05,E,1406,TrialObsQual,50,0.1,0.01
0.001,0.3,5,0.01,0.05,E,1407,TrialObsQual,50,0.1,0.01
1e-5,0.8,5,0.01,0.05,E,1408,TrialObsQual,50,0.1,0.01
1e-4,0.8,5,0.01,0.05,E,1409,TrialObsQual,50,0.1,0.01
0.001,0.8,5,0.01,0.05,E,1410,TrialObsQual,50,0.1,0.01
1e-5,1.1,5,0.01,0.05,E,1411,TrialObsQual,50,0.1,0.01
1e-4,1.1,5,0.01,0.05,E,1412,TrialObsQual,50,0.1,0.01
0.001,1.1,5,0.01,0.05,E,1413,TrialObsQual,50,0.1,0.01
1e-5,0.3,20,0.01,0.05,E,1414,TrialObsQual,50,0.1,0.01
1e-4,0.3,20,0.01,0.05,E,1415,TrialObsQual,50,0.1,0.01
0.001,0.3,20,0.01,0.05,E,1416,TrialObsQual,50,0.1,0.01
1e-5,0.8,20,0.01,0.05,E,1417,TrialObsQual,50,0.1,0.01
1e-4,0.8,20,0.01,0.05,E,1418,TrialObsQual,50,0.1,0.01
0.001,0.8,20,0.01,0.05,E,1419,TrialObsQual,50,0.1,0.01
1e-5,1.1,20,0.01,0.05,E,1420,TrialObsQual,50,0.1,0.01
1e-4,1.1,20,0.01,0.05,E,1421,TrialObsQual,50,0.1,0.01
0.001,1.1,20,0.01,0.05,E,1422,TrialObsQual,50,0.1,0.01
1e-5,0.3,40,0.01,0.05,E,1423,TrialObsQual,50,0.1,0.01
1e-4,0.3,40,0.01,0.05,E,1424,TrialObsQual,50,0.1,0.01
0.001,0.3,40,0.01,0.05,E,1425,TrialObsQual,50,0.1,0.01
1e-5,0.8,40,0.01,0.05,E,1426,TrialObsQual,50,0.1,0.01
1e-4,0.8,40,0.01,0.05,E,1427,TrialObsQual,50,0.1,0.01
0.001,0.8,40,0.01,0.05,E,1428,TrialObsQual,50,0.1,0.01
1e-5,1.1,40,0.01,0.05,E,1429,TrialObsQual,50,0.1,0.01
1e-4,1.1,40,0.01,0.05,E,1430,TrialObsQual,50,0.1,0.01
0.001,1.1,40,0.01,0.05,E,1431,TrialObsQual,50,0.1,0.01
1e-5,0.3,5,0.1,0.05,E,1432,TrialObsQual,50,0.1,0.01
1e-4,0.3,5,0.1,0.05,E,1433,TrialObsQual,50,0.1,0.01
0.001,0.3,5,0.1,0.05,E,1434,TrialObsQual,50,0.1,0.01
1e-5,0.8,5,0.1,0.05,E,1435,TrialObsQual,50,0.1,0.01
1e-4,0.8,5,0.1,0.05,E,1436,TrialObsQual,50,0.1,0.01
0.001,0.8,5,0.1,0.05,E,1437,TrialObsQual,50,0.1,0.01
1e-5,1.1,5,0.1,0.05,E,1438,TrialObsQual,50,0.1,0.01
1e-4,1.1,5,0.1,0.05,E,1439,TrialObsQual,50,0.1,0.01
0.001,1.1,5,0.1,0.05,E,1440,TrialObsQual,50,0.1,0.01
1e-5,0.3,20,0.1,0.05,E,1441,TrialObsQual,50,0.1,0.01
1e-4,0.3,20,0.1,0.05,E,1442,TrialObsQual,50,0.1,0.01
0.001,0.3,20,0.1,0.05,E,1443,TrialObsQual,50,0.1,0.01
1e-5,0.8,20,0.1,0.05,E,1444,TrialObsQual,50,0.1,0.01
1e-4,0.8,20,0.1,0.05,E,1445,TrialObsQual,50,0.1,0.01
0.001,0.8,20,0.1,0.05,E,1446,TrialObsQual,50,0.1,0.01
1e-5,1.1,20,0.1,0.05,E,1447,TrialObsQual,50,0.1,0.01
1e-4,1.1,20,0.1,0.05,E,1448,TrialObsQual,50,0.1,0.01
0.001,1.1,20,0.1,0.05,E,1449,TrialObsQual,50,0.1,0.01
1e-5,0.3,40,0.1,0.05,E,1450,TrialObsQual,50,0.1,0.01
1e-4,0.3,40,0.1,0.05,E,1451,TrialObsQual,50,0.1,0.01
0.001,0.3,40,0.1,0.05,E,1452,TrialObsQual,50,0.1,0.01
1e-5,0.8,40,0.1,0.05,E,1453,TrialObsQual,50,0.1,0.01
1e-4,0.8,40,0.1,0.05,E,1454,TrialObsQual,50,0.1,0.01
0.001,0.8,40,0.1,0.05,E,1455,TrialObsQual,50,0.1,0.01
1e-5,1.1,40,0.1,0.05,E,1456,TrialObsQual,50,0.1,0.01
1e-4,1.1,40,0.1,0.05,E,1457,TrialObsQual,50,0.1,0.01
0.001,1.1,40,0.1,0.05,E,1458,TrialObsQual,50,0.1,0.01
1e-5,0.3,5,0.001,0.1,E,1459,TrialObsQual,50,0.1,0.01
1e-4,0.3,5,0.001,0.1,E,1460,TrialObsQual,50,0.1,0.01
0.001,0.3,5,0.001,0.1,E,1461,TrialObsQual,50,0.1,0.01
1e-5,0.8,5,0.001,0.1,E,1462,TrialObsQual,50,0.1,0.01
1e-4,0.8,5,0.001,0.1,E,1463,TrialObsQual,50,0.1,0.01
0.001,0.8,5,0.001,0.1,E,1464,TrialObsQual,50,0.1,0.01
1e-5,1.1,5,0.001,0.1,E,1465,TrialObsQual,50,0.1,0.01
1e-4,1.1,5,0.001,0.1,E,1466,TrialObsQual,50,0.1,0.01
0.001,1.1,5,0.001,0.1,E,1467,TrialObsQual,50,0.1,0.01
1e-5,0.3,20,0.001,0.1,E,1468,TrialObsQual,50,0.1,0.01
1e-4,0.3,20,0.001,0.1,E,1469,TrialObsQual,50,0.1,0.01
0.001,0.3,20,0.001,0.1,E,1470,TrialObsQual,50,0.1,0.01
1e-5,0.8,20,0.001,0.1,E,1471,TrialObsQual,50,0.1,0.01
1e-4,0.8,20,0.001,0.1,E,1472,TrialObsQual,50,0.1,0.01
0.001,0.8,20,0.001,0.1,E,1473,TrialObsQual,50,0.1,0.01
1e-5,1.1,20,0.001,0.1,E,1474,TrialObsQual,50,0.1,0.01
1e-4,1.1,20,0.001,0.1,E,1475,TrialObsQual,50,0.1,0.01
0.001,1.1,20,0.001,0.1,E,1476,TrialObsQual,50,0.1,0.01
1e-5,0.3,40,0.001,0.1,E,1477,TrialObsQual,50,0.1,0.01
1e-4,0.3,40,0.001,0.1,E,1478,TrialObsQual,50,0.1,0.01
0.001,0.3,40,0.001,0.1,E,1479,TrialObsQual,50,0.1,0.01
1e-5,0.8,40,0.001,0.1,E,1480,TrialObsQual,50,0.1,0.01
1e-4,0.8,40,0.001,0.1,E,1481,TrialObsQual,50,0.1,0.01
0.001,0.8,40,0.001,0.1,E,1482,TrialObsQual,50,0.1,0.01
1e-5,1.1,40,0.001,0.1,E,1483,TrialObsQual,50,0.1,0.01
1e-4,1.1,40,0.001,0.1,E,1484,TrialObsQual,50,0.1,0.01
0.001,1.1,40,0.001,0.1,E,1485,TrialObsQual,50,0.1,0.01
1e-5,0.3,5,0.01,0.1,E,1486,TrialObsQual,50,0.1,0.01
1e-4,0.3,5,0.01,0.1,E,1487,TrialObsQual,50,0.1,0.01
0.001,0.3,5,0.01,0.1,E,1488,TrialObsQual,50,0.1,0.01
1e-5,0.8,5,0.01,0.1,E,1489,TrialObsQual,50,0.1,0.01
1e-4,0.8,5,0.01,0.1,E,1490,TrialObsQual,50,0.1,0.01
0.001,0.8,5,0.01,0.1,E,1491,TrialObsQual,50,0.1,0.01
1e-5,1.1,5,0.01,0.1,E,1492,TrialObsQual,50,0.1,0.01
1e-4,1.1,5,0.01,0.1,E,1493,TrialObsQual,50,0.1,0.01
0.001,1.1,5,0.01,0.1,E,1494,TrialObsQual,50,0.1,0.01
1e-5,0.3,20,0.01,0.1,E,1495,TrialObsQual,50,0.1,0.01
1e-4,0.3,20,0.01,0.1,E,1496,TrialObsQual,50,0.1,0.01
0.001,0.3,20,0.01,0.1,E,1497,TrialObsQual,50,0.1,0.01
1e-5,0.8,20,0.01,0.1,E,1498,TrialObsQual,50,0.1,0.01
1e-4,0.8,20,0.01,0.1,E,1499,TrialObsQual,50,0.1,0.01
0.001,0.8,20,0.01,0.1,E,1500,TrialObsQual,50,0.1,0.01
1e-5,1.1,20,0.01,0.1,E,1501,TrialObsQual,50,0.1,0.01
1e-4,1.1,20,0.01,0.1,E,1502,TrialObsQual,50,0.1,0.01
0.001,1.1,20,0.01,0.1,E,1503,TrialObsQual,50,0.1,0.01
1e-5,0.3,40,0.01,0.1,E,1504,TrialObsQual,50,0.1,0.01
1e-4,0.3,40,0.01,0.1,E,1505,TrialObsQual,50,0.1,0.01
0.001,0.3,40,0.01,0.1,E,1506,TrialObsQual,50,0.1,0.01
1e-5,0.8,40,0.01,0.1,E,1507,TrialObsQual,50,0.1,0.01
1e-4,0.8,40,0.01,0.1,E,1508,TrialObsQual,50,0.1,0.01
0.001,0.8,40,0.01,0.1,E,1509,TrialObsQual,50,0.1,0.01
1e-5,1.1,40,0.01,0.1,E,1510,TrialObsQual,50,0.1,0.01
1e-4,1.1,40,0.01,0.1,E,1511,TrialObsQual,50,0.1,0.01
0.001,1.1,40,0.01,0.1,E,1512,TrialObsQual,50,0.1,0.01
1e-5,0.3,5,0.1,0.1,E,1513,TrialObsQual,50,0.1,0.01
1e-4,0.3,5,0.1,0.1,E,1514,TrialObsQual,50,0.1,0.01
0.001,0.3,5,0.1,0.1,E,1515,TrialObsQual,50,0.1,0.01
1e-5,0.8,5,0.1,0.1,E,1516,TrialObsQual,50,0.1,0.01
1e-4,0.8,5,0.1,0.1,E,1517,TrialObsQual,50,0.1,0.01
0.001,0.8,5,0.1,0.1,E,1518,TrialObsQual,50,0.1,0.01
1e-5,1.1,5,0.1,0.1,E,1519,TrialObsQual,50,0.1,0.01
1e-4,1.1,5,0.1,0.1,E,1520,TrialObsQual,50,0.1,0.01
0.001,1.1,5,0.1,0.1,E,1521,TrialObsQual,50,0.1,0.01
1e-5,0.3,20,0.1,0.1,E,1522,TrialObsQual,50,0.1,0.01
1e-4,0.3,20,0.1,0.1,E,1523,TrialObsQual,50,0.1,0.01
0.001,0.3,20,0.1,0.1,E,1524,TrialObsQual,50,0.1,0.01
1e-5,0.8,20,0.1,0.1,E,1525,TrialObsQual,50,0.1,0.01
1e-4,0.8,20,0.1,0.1,E,1526,TrialObsQual,50,0.1,0.01
0.001,0.8,20,0.1,0.1,E,1527,TrialObsQual,50,0.1,0.01
1e-5,1.1,20,0.1,0.1,E,1528,TrialObsQual,50,0.1,0.01
1e-4,1.1,20,0.1,0.1,E,1529,TrialObsQual,50,0.1,0.01
0.001,1.1,20,0.1,0.1,E,1530,TrialObsQual,50,0.1,0.01
1e-5,0.3,40,0.1,0.1,E,1531,TrialObsQual,50,0.1,0.01
1e-4,0.3,40,0.1,0.1,E,1532,TrialObsQual,50,0.1,0.01
0.001,0.3,40,0.1,0.1,E,1533,TrialObsQual,50,0.1,0.01
1e-5,0.8,40,0.1,0.1,E,1534,TrialObsQual,50,0.1,0.01
1e-4,0.8,40,0.1,0.1,E,1535,TrialObsQual,50,0.1,0.01
0.001,0.8,40,0.1,0.1,E,1536,TrialObsQual,50,0.1,0.01
1e-5,1.1,40,0.1,0.1,E,1537,TrialObsQual,50,0.1,0.01
1e-4,1.1,40,0.1,0.1,E,1538,TrialObsQual,50,0.1,0.01
0.001,1.1,40,0.1,0.1,E,1539,TrialObsQual,50,0.1,0.01
1e-5,0.3,5,0.001,0.2,E,1540,TrialObsQual,50,0.1,0.01
1e-4,0.3,5,0.001,0.2,E,1541,TrialObsQual,50,0.1,0.01
0.001,0.3,5,0.001,0.2,E,1542,TrialObsQual,50,0.1,0.01
1e-5,0.8,5,0.001,0.2,E,1543,TrialObsQual,50,0.1,0.01
1e-4,0.8,5,0.001,0.2,E,1544,TrialObsQual,50,0.1,0.01
0.001,0.8,5,0.001,0.2,E,1545,TrialObsQual,50,0.1,0.01
1e-5,1.1,5,0.001,0.2,E,1546,TrialObsQual,50,0.1,0.01
1e-4,1.1,5,0.001,0.2,E,1547,TrialObsQual,50,0.1,0.01
0.001,1.1,5,0.001,0.2,E,1548,TrialObsQual,50,0.1,0.01
1e-5,0.3,20,0.001,0.2,E,1549,TrialObsQual,50,0.1,0.01
1e-4,0.3,20,0.001,0.2,E,1550,TrialObsQual,50,0.1,0.01
0.001,0.3,20,0.001,0.2,E,1551,TrialObsQual,50,0.1,0.01
1e-5,0.8,20,0.001,0.2,E,1552,TrialObsQual,50,0.1,0.01
1e-4,0.8,20,0.001,0.2,E,1553,TrialObsQual,50,0.1,0.01
0.001,0.8,20,0.001,0.2,E,1554,TrialObsQual,50,0.1,0.01
1e-5,1.1,20,0.001,0.2,E,1555,TrialObsQual,50,0.1,0.01
1e-4,1.1,20,0.001,0.2,E,1556,TrialObsQual,50,0.1,0.01
0.001,1.1,20,0.001,0.2,E,1557,TrialObsQual,50,0.1,0.01
1e-5,0.3,40,0.001,0.2,E,1558,TrialObsQual,50,0.1,0.01
1e-4,0.3,40,0.001,0.2,E,1559,TrialObsQual,50,0.1,0.01
0.001,0.3,40,0.001,0.2,E,1560,TrialObsQual,50,0.1,0.01
1e-5,0.8,40,0.001,0.2,E,1561,TrialObsQual,50,0.1,0.01
1e-4,0.8,40,0.001,0.2,E,1562,TrialObsQual,50,0.1,0.01
0.001,0.8,40,0.001,0.2,E,1563,TrialObsQual,50,0.1,0.01
1e-5,1.1,40,0.001,0.2,E,1564,TrialObsQual,50,0.1,0.01
1e-4,1.1,40,0.001,0.2,E,1565,TrialObsQual,50,0.1,0.01
0.001,1.1,40,0.001,0.2,E,1566,TrialObsQual,50,0.1,0.01
1e-5,0.3,5,0.01,0.2,E,1567,TrialObsQual,50,0.1,0.01
1e-4,0.3,5,0.01,0.2,E,1568,TrialObsQual,50,0.1,0.01
0.001,0.3,5,0.01,0.2,E,1569,TrialObsQual,50,0.1,0.01
1e-5,0.8,5,0.01,0.2,E,1570,TrialObsQual,50,0.1,0.01
1e-4,0.8,5,0.01,0.2,E,1571,TrialObsQual,50,0.1,0.01
0.001,0.8,5,0.01,0.2,E,1572,TrialObsQual,50,0.1,0.01
1e-5,1.1,5,0.01,0.2,E,1573,TrialObsQual,50,0.1,0.01
1e-4,1.1,5,0.01,0.2,E,1574,TrialObsQual,50,0.1,0.01
0.001,1.1,5,0.01,0.2,E,1575,TrialObsQual,50,0.1,0.01
1e-5,0.3,20,0.01,0.2,E,1576,TrialObsQual,50,0.1,0.01
1e-4,0.3,20,0.01,0.2,E,1577,TrialObsQual,50,0.1,0.01
0.001,0.3,20,0.01,0.2,E,1578,TrialObsQual,50,0.1,0.01
1e-5,0.8,20,0.01,0.2,E,1579,TrialObsQual,50,0.1,0.01
1e-4,0.8,20,0.01,0.2,E,1580,TrialObsQual,50,0.1,0.01
0.001,0.8,20,0.01,0.2,E,1581,TrialObsQual,50,0.1,0.01
1e-5,1.1,20,0.01,0.2,E,1582,TrialObsQual,50,0.1,0.01
1e-4,1.1,20,0.01,0.2,E,1583,TrialObsQual,50,0.1,0.01
0.001,1.1,20,0.01,0.2,E,1584,TrialObsQual,50,0.1,0.01
1e-5,0.3,40,0.01,0.2,E,1585,TrialObsQual,50,0.1,0.01
1e-4,0.3,40,0.01,0.2,E,1586,TrialObsQual,50,0.1,0.01
0.001,0.3,40,0.01,0.2,E,1587,TrialObsQual,50,0.1,0.01
1e-5,0.8,40,0.01,0.2,E,1588,TrialObsQual,50,0.1,0.01
1e-4,0.8,40,0.01,0.2,E,1589,TrialObsQual,50,0.1,0.01
0.001,0.8,40,0.01,0.2,E,1590,TrialObsQual,50,0.1,0.01
1e-5,1.1,40,0.01,0.2,E,1591,TrialObsQual,50,0.1,0.01
1e-4,1.1,40,0.01,0.2,E,1592,TrialObsQual,50,0.1,0.01
0.001,1.1,40,0.01,0.2,E,1593,TrialObsQual,50,0.1,0.01
1e-5,0.3,5,0.1,0.2,E,1594,TrialObsQual,50,0.1,0.01
1e-4,0.3,5,0.1,0.2,E,1595,TrialObsQual,50,0.1,0.01
0.001,0.3,5,0.1,0.2,E,1596,TrialObsQual,50,0.1,0.01
1e-5,0.8,5,0.1,0.2,E,1597,TrialObsQual,50,0.1,0.01
1e-4,0.8,5,0.1,0.2,E,1598,TrialObsQual,50,0.1,0.01
0.001,0.8,5,0.1,0.2,E,1599,TrialObsQual,50,0.1,0.01
1e-5,1.1,5,0.1,0.2,E,1600,TrialObsQual,50,0.1,0.01
1e-4,1.1,5,0.1,0.2,E,1601,TrialObsQual,50,0.1,0.01
0.001,1.1,5,0.1,0.2,E,1602,TrialObsQual,50,0.1,0.01
1e-5,0.3,20,0.1,0.2,E,1603,TrialObsQual,50,0.1,0.01
1e-4,0.3,20,0.1,0.2,E,1604,TrialObsQual,50,0.1,0.01
0.001,0.3,20,0.1,0.2,E,1605,TrialObsQual,50,0.1,0.01
1e-5,0.8,20,0.1,0.2,E,1606,TrialObsQual,50,0.1,0.01
1e-4,0.8,20,0.1,0.2,E,1607,TrialObsQual,50,0.1,0.01
0.001,0.8,20,0.1,0.2,E,1608,TrialObsQual,50,0.1,0.01
1e-5,1.1,20,0.1,0.2,E,1609,TrialObsQual,50,0.1,0.01
1e-4,1.1,20,0.1,0.2,E,1610,TrialObsQual,50,0.1,0.01
0.001,1.1,20,0.1,0.2,E,1611,TrialObsQual,50,0.1,0.01
1e-5,0.3,40,0.1,0.2,E,1612,TrialObsQual,50,0.1,0.01
1e-4,0.3,40,0.1,0.2,E,1613,TrialObsQual,50,0.1,0.01
0.001,0.3,40,0.1,0.2,E,1614,TrialObsQual,50,0.1,0.01
1e-5,0.8,40,0.1,0.2,E,1615,TrialObsQual,50,0.1,0.01
1e-4,0.8,40,0.1,0.2,E,1616,TrialObsQual,50,0.1,0.01
0.001,0.8,40,0.1,0.2,E,1617,TrialObsQual,50,0.1,0.01
1e-5,1.1,40,0.1,0.2,E,1618,TrialObsQual,50,0.1,0.01
1e-4,1.1,40,0.1,0.2,E,1619,TrialObsQual,50,0.1,0.01
0.001,1.1,40,0.1,0.2,E,1620,TrialObsQual,50,0.1,0.01
